container\list\list_test.go:253:2: self-assignment of e1, e4
container\list\list_test.go:261:2: self-assignment of e1
container\list\list_test.go:265:2: self-assignment of e1, e4
container\list\point\list\point_test.go:99:4: github.com/go-spatial/tegola/maths.Pt struct literal uses unkeyed fields
container\list\point\list\point_test.go:101:5: github.com/go-spatial/tegola/maths.Pt struct literal uses unkeyed fields
container\list\point\list\point_test.go:102:5: github.com/go-spatial/tegola/maths.Pt struct literal uses unkeyed fields
container\list\point\list\point_test.go:108:4: github.com/go-spatial/tegola/maths.Pt struct literal uses unkeyed fields
container\list\point\list\point_test.go:110:5: github.com/go-spatial/tegola/maths.Pt struct literal uses unkeyed fields
container\list\point\list\point_test.go:111:5: github.com/go-spatial/tegola/maths.Pt struct literal uses unkeyed fields
container\list\point\list\point_test.go:112:5: github.com/go-spatial/tegola/maths.Pt struct literal uses unkeyed fields
container\list\point\list\point_test.go:118:4: github.com/go-spatial/tegola/maths.Pt struct literal uses unkeyed fields
container\list\point\list\point_test.go:120:5: github.com/go-spatial/tegola/maths.Pt struct literal uses unkeyed fields
container\list\point\list\point_test.go:121:5: github.com/go-spatial/tegola/maths.Pt struct literal uses unkeyed fields
container\list\point\list\point_test.go:122:5: github.com/go-spatial/tegola/maths.Pt struct literal uses unkeyed fields
container\list\point\list\point_test.go:140:4: github.com/go-spatial/tegola/maths.Pt struct literal uses unkeyed fields
container\list\point\list\point_test.go:142:5: github.com/go-spatial/tegola/maths.Pt struct literal uses unkeyed fields
container\list\point\list\point_test.go:143:5: github.com/go-spatial/tegola/maths.Pt struct literal uses unkeyed fields
container\list\point\list\point_test.go:144:5: github.com/go-spatial/tegola/maths.Pt struct literal uses unkeyed fields
container\list\point\list\point_test.go:150:4: github.com/go-spatial/tegola/maths.Pt struct literal uses unkeyed fields
container\list\point\list\point_test.go:152:5: github.com/go-spatial/tegola/maths.Pt struct literal uses unkeyed fields
container\list\point\list\point_test.go:153:5: github.com/go-spatial/tegola/maths.Pt struct literal uses unkeyed fields
container\list\point\list\point_test.go:154:5: github.com/go-spatial/tegola/maths.Pt struct literal uses unkeyed fields
maths\hitmap\hitmap_test.go:24:49: github.com/go-spatial/tegola/maths.Pt struct literal uses unkeyed fields
maths\hitmap\hitmap_test.go:25:50: github.com/go-spatial/tegola/maths.Pt struct literal uses unkeyed fields
maths\hitmap\hitmap_test.go:36:33: github.com/go-spatial/tegola/maths.Pt struct literal uses unkeyed fields
maths\hitmap\hitmap_test.go:36:63: github.com/go-spatial/tegola/maths.Pt struct literal uses unkeyed fields
maths\points\sorted_test.go:30:22: github.com/go-spatial/tegola/maths.Pt struct literal uses unkeyed fields
maths\points\sorted_test.go:31:22: github.com/go-spatial/tegola/maths.Pt struct literal uses unkeyed fields
maths\points\sorted_test.go:34:22: github.com/go-spatial/tegola/maths.Pt struct literal uses unkeyed fields
maths\points\sorted_test.go:34:30: github.com/go-spatial/tegola/maths.Pt struct literal uses unkeyed fields
maths\points\sorted_test.go:35:22: github.com/go-spatial/tegola/maths.Pt struct literal uses unkeyed fields
maths\points\sorted_test.go:38:22: github.com/go-spatial/tegola/maths.Pt struct literal uses unkeyed fields
maths\points\sorted_test.go:38:30: github.com/go-spatial/tegola/maths.Pt struct literal uses unkeyed fields
maths\points\sorted_test.go:38:38: github.com/go-spatial/tegola/maths.Pt struct literal uses unkeyed fields
maths\points\sorted_test.go:38:46: github.com/go-spatial/tegola/maths.Pt struct literal uses unkeyed fields
maths\points\sorted_test.go:38:54: github.com/go-spatial/tegola/maths.Pt struct literal uses unkeyed fields
maths\points\sorted_test.go:39:22: github.com/go-spatial/tegola/maths.Pt struct literal uses unkeyed fields
maths\points\sorted_test.go:39:30: github.com/go-spatial/tegola/maths.Pt struct literal uses unkeyed fields
maths\points\sorted_test.go:39:38: github.com/go-spatial/tegola/maths.Pt struct literal uses unkeyed fields
maths\points\sorted_test.go:42:22: github.com/go-spatial/tegola/maths.Pt struct literal uses unkeyed fields
maths\points\sorted_test.go:42:30: github.com/go-spatial/tegola/maths.Pt struct literal uses unkeyed fields
maths\points\sorted_test.go:42:38: github.com/go-spatial/tegola/maths.Pt struct literal uses unkeyed fields
maths\points\sorted_test.go:42:46: github.com/go-spatial/tegola/maths.Pt struct literal uses unkeyed fields
maths\points\sorted_test.go:42:54: github.com/go-spatial/tegola/maths.Pt struct literal uses unkeyed fields
maths\points\sorted_test.go:42:62: github.com/go-spatial/tegola/maths.Pt struct literal uses unkeyed fields
maths\points\sorted_test.go:42:70: github.com/go-spatial/tegola/maths.Pt struct literal uses unkeyed fields
maths\points\sorted_test.go:42:78: github.com/go-spatial/tegola/maths.Pt struct literal uses unkeyed fields
maths\points\sorted_test.go:42:86: github.com/go-spatial/tegola/maths.Pt struct literal uses unkeyed fields
maths\points\sorted_test.go:43:22: github.com/go-spatial/tegola/maths.Pt struct literal uses unkeyed fields
maths\points\sorted_test.go:43:30: github.com/go-spatial/tegola/maths.Pt struct literal uses unkeyed fields
maths\points\sorted_test.go:43:38: github.com/go-spatial/tegola/maths.Pt struct literal uses unkeyed fields
maths\points\sorted_test.go:43:46: github.com/go-spatial/tegola/maths.Pt struct literal uses unkeyed fields
maths\points\sorted_test.go:43:54: github.com/go-spatial/tegola/maths.Pt struct literal uses unkeyed fields
maths\simplify\douglas_peucker_test.go:26:5: github.com/go-spatial/tegola/maths.Pt struct literal uses unkeyed fields
maths\simplify\douglas_peucker_test.go:26:13: github.com/go-spatial/tegola/maths.Pt struct literal uses unkeyed fields
maths\simplify\douglas_peucker_test.go:26:23: github.com/go-spatial/tegola/maths.Pt struct literal uses unkeyed fields
maths\simplify\douglas_peucker_test.go:29:26: github.com/go-spatial/tegola/maths.Pt struct literal uses unkeyed fields
maths\simplify\douglas_peucker_test.go:34:5: github.com/go-spatial/tegola/maths.Pt struct literal uses unkeyed fields
maths\simplify\douglas_peucker_test.go:34:13: github.com/go-spatial/tegola/maths.Pt struct literal uses unkeyed fields
maths\simplify\douglas_peucker_test.go:34:23: github.com/go-spatial/tegola/maths.Pt struct literal uses unkeyed fields
maths\simplify\douglas_peucker_test.go:37:26: github.com/go-spatial/tegola/maths.Pt struct literal uses unkeyed fields
maths\simplify\douglas_peucker_test.go:44:5: github.com/go-spatial/tegola/maths.Pt struct literal uses unkeyed fields
maths\simplify\douglas_peucker_test.go:44:13: github.com/go-spatial/tegola/maths.Pt struct literal uses unkeyed fields
maths\simplify\douglas_peucker_test.go:44:22: github.com/go-spatial/tegola/maths.Pt struct literal uses unkeyed fields
maths\simplify\douglas_peucker_test.go:44:32: github.com/go-spatial/tegola/maths.Pt struct literal uses unkeyed fields
maths\simplify\douglas_peucker_test.go:44:41: github.com/go-spatial/tegola/maths.Pt struct literal uses unkeyed fields
maths\simplify\douglas_peucker_test.go:47:26: github.com/go-spatial/tegola/maths.Pt struct literal uses unkeyed fields
maths\simplify\douglas_peucker_test.go:47:35: github.com/go-spatial/tegola/maths.Pt struct literal uses unkeyed fields
maths\simplify\douglas_peucker_test.go:47:45: github.com/go-spatial/tegola/maths.Pt struct literal uses unkeyed fields
maths\simplify\douglas_peucker_test.go:79:3: github.com/go-spatial/tegola/maths.Pt struct literal uses unkeyed fields
maths\simplify\douglas_peucker_test.go:79:11: github.com/go-spatial/tegola/maths.Pt struct literal uses unkeyed fields
maths\simplify\douglas_peucker_test.go:79:21: github.com/go-spatial/tegola/maths.Pt struct literal uses unkeyed fields
maths\simplify\douglas_peucker_test.go:89:3: github.com/go-spatial/tegola/maths.Pt struct literal uses unkeyed fields
maths\simplify\douglas_peucker_test.go:89:11: github.com/go-spatial/tegola/maths.Pt struct literal uses unkeyed fields
maths\simplify\douglas_peucker_test.go:89:19: github.com/go-spatial/tegola/maths.Pt struct literal uses unkeyed fields
maths\simplify\douglas_peucker_test.go:89:27: github.com/go-spatial/tegola/maths.Pt struct literal uses unkeyed fields
maths\simplify\douglas_peucker_test.go:92:21: github.com/go-spatial/tegola/maths.Pt struct literal uses unkeyed fields
maths\simplify\douglas_peucker_test.go:92:29: github.com/go-spatial/tegola/maths.Pt struct literal uses unkeyed fields
maths\simplify\douglas_peucker_test.go:92:37: github.com/go-spatial/tegola/maths.Pt struct literal uses unkeyed fields
maths\makevalid\plyg\builder_test.go:28:24: github.com/go-spatial/tegola/maths.Pt struct literal uses unkeyed fields
maths\makevalid\plyg\builder_test.go:28:32: github.com/go-spatial/tegola/maths.Pt struct literal uses unkeyed fields
maths\makevalid\plyg\builder_test.go:28:40: github.com/go-spatial/tegola/maths.Pt struct literal uses unkeyed fields
maths\makevalid\plyg\builder_test.go:38:24: github.com/go-spatial/tegola/maths.Pt struct literal uses unkeyed fields
maths\makevalid\plyg\builder_test.go:38:32: github.com/go-spatial/tegola/maths.Pt struct literal uses unkeyed fields
maths\makevalid\plyg\builder_test.go:38:40: github.com/go-spatial/tegola/maths.Pt struct literal uses unkeyed fields
maths\makevalid\plyg\builder_test.go:49:24: github.com/go-spatial/tegola/maths.Pt struct literal uses unkeyed fields
maths\makevalid\plyg\builder_test.go:49:32: github.com/go-spatial/tegola/maths.Pt struct literal uses unkeyed fields
maths\makevalid\plyg\builder_test.go:49:40: github.com/go-spatial/tegola/maths.Pt struct literal uses unkeyed fields
maths\makevalid\plyg\builder_test.go:49:48: github.com/go-spatial/tegola/maths.Pt struct literal uses unkeyed fields
maths\makevalid\plyg\builder_test.go:60:24: github.com/go-spatial/tegola/maths.Pt struct literal uses unkeyed fields
maths\makevalid\plyg\builder_test.go:60:32: github.com/go-spatial/tegola/maths.Pt struct literal uses unkeyed fields
maths\makevalid\plyg\builder_test.go:60:40: github.com/go-spatial/tegola/maths.Pt struct literal uses unkeyed fields
maths\makevalid\plyg\builder_test.go:60:48: github.com/go-spatial/tegola/maths.Pt struct literal uses unkeyed fields
maths\makevalid\plyg\builder_test.go:71:24: github.com/go-spatial/tegola/maths.Pt struct literal uses unkeyed fields
maths\makevalid\plyg\builder_test.go:71:32: github.com/go-spatial/tegola/maths.Pt struct literal uses unkeyed fields
maths\makevalid\plyg\builder_test.go:71:40: github.com/go-spatial/tegola/maths.Pt struct literal uses unkeyed fields
maths\makevalid\plyg\builder_test.go:71:48: github.com/go-spatial/tegola/maths.Pt struct literal uses unkeyed fields
maths\makevalid\plyg\builder_test.go:82:24: github.com/go-spatial/tegola/maths.Pt struct literal uses unkeyed fields
maths\makevalid\plyg\builder_test.go:82:32: github.com/go-spatial/tegola/maths.Pt struct literal uses unkeyed fields
maths\makevalid\plyg\builder_test.go:82:40: github.com/go-spatial/tegola/maths.Pt struct literal uses unkeyed fields
maths\makevalid\plyg\builder_test.go:82:48: github.com/go-spatial/tegola/maths.Pt struct literal uses unkeyed fields
maths\makevalid\plyg\builder_test.go:93:24: github.com/go-spatial/tegola/maths.Pt struct literal uses unkeyed fields
maths\makevalid\plyg\builder_test.go:93:32: github.com/go-spatial/tegola/maths.Pt struct literal uses unkeyed fields
maths\makevalid\plyg\builder_test.go:93:40: github.com/go-spatial/tegola/maths.Pt struct literal uses unkeyed fields
maths\makevalid\plyg\builder_test.go:93:48: github.com/go-spatial/tegola/maths.Pt struct literal uses unkeyed fields
maths\makevalid\plyg\builder_test.go:105:24: github.com/go-spatial/tegola/maths.Pt struct literal uses unkeyed fields
maths\makevalid\plyg\builder_test.go:105:32: github.com/go-spatial/tegola/maths.Pt struct literal uses unkeyed fields
maths\makevalid\plyg\builder_test.go:105:40: github.com/go-spatial/tegola/maths.Pt struct literal uses unkeyed fields
maths\makevalid\plyg\builder_test.go:105:48: github.com/go-spatial/tegola/maths.Pt struct literal uses unkeyed fields
maths\makevalid\plyg\builder_test.go:105:56: github.com/go-spatial/tegola/maths.Pt struct literal uses unkeyed fields
maths\makevalid\plyg\builder_test.go:117:24: github.com/go-spatial/tegola/maths.Pt struct literal uses unkeyed fields
maths\makevalid\plyg\builder_test.go:117:32: github.com/go-spatial/tegola/maths.Pt struct literal uses unkeyed fields
maths\makevalid\plyg\builder_test.go:117:40: github.com/go-spatial/tegola/maths.Pt struct literal uses unkeyed fields
maths\makevalid\plyg\builder_test.go:117:48: github.com/go-spatial/tegola/maths.Pt struct literal uses unkeyed fields
maths\makevalid\plyg\builder_test.go:117:56: github.com/go-spatial/tegola/maths.Pt struct literal uses unkeyed fields
maths\makevalid\plyg\builder_test.go:133:25: github.com/go-spatial/tegola/maths.Pt struct literal uses unkeyed fields
maths\makevalid\plyg\builder_test.go:136:25: github.com/go-spatial/tegola/maths.Pt struct literal uses unkeyed fields
maths\makevalid\plyg\gettriangle_test.go:51:5: github.com/go-spatial/tegola/maths.Pt struct literal uses unkeyed fields
maths\makevalid\plyg\gettriangle_test.go:52:5: github.com/go-spatial/tegola/maths.Pt struct literal uses unkeyed fields
maths\makevalid\plyg\gettriangle_test.go:55:5: github.com/go-spatial/tegola/maths.Pt struct literal uses unkeyed fields
maths\makevalid\plyg\gettriangle_test.go:56:5: github.com/go-spatial/tegola/maths.Pt struct literal uses unkeyed fields
maths\makevalid\plyg\gettriangle_test.go:64:21: github.com/go-spatial/tegola/maths.Pt struct literal uses unkeyed fields
maths\makevalid\plyg\gettriangle_test.go:65:21: github.com/go-spatial/tegola/maths.Pt struct literal uses unkeyed fields
maths\makevalid\plyg\gettriangle_test.go:65:29: github.com/go-spatial/tegola/maths.Pt struct literal uses unkeyed fields
maths\makevalid\plyg\gettriangle_test.go:69:21: github.com/go-spatial/tegola/maths.Pt struct literal uses unkeyed fields
maths\makevalid\plyg\gettriangle_test.go:69:29: github.com/go-spatial/tegola/maths.Pt struct literal uses unkeyed fields
maths\makevalid\plyg\gettriangle_test.go:70:21: github.com/go-spatial/tegola/maths.Pt struct literal uses unkeyed fields
maths\makevalid\plyg\gettriangle_test.go:75:5: github.com/go-spatial/tegola/maths.Pt struct literal uses unkeyed fields
maths\makevalid\plyg\gettriangle_test.go:78:5: github.com/go-spatial/tegola/maths.Pt struct literal uses unkeyed fields
maths\makevalid\plyg\gettriangle_test.go:79:5: github.com/go-spatial/tegola/maths.Pt struct literal uses unkeyed fields
maths\makevalid\plyg\gettriangle_test.go:80:5: github.com/go-spatial/tegola/maths.Pt struct literal uses unkeyed fields
maths\makevalid\plyg\gettriangle_test.go:83:5: github.com/go-spatial/tegola/maths.Pt struct literal uses unkeyed fields
maths\makevalid\plyg\gettriangle_test.go:84:5: github.com/go-spatial/tegola/maths.Pt struct literal uses unkeyed fields
maths\makevalid\plyg\gettriangle_test.go:85:5: github.com/go-spatial/tegola/maths.Pt struct literal uses unkeyed fields
maths\makevalid\plyg\gettriangle_test.go:97:5: github.com/go-spatial/tegola/maths.Pt struct literal uses unkeyed fields
maths\makevalid\plyg\gettriangle_test.go:100:5: github.com/go-spatial/tegola/maths.Pt struct literal uses unkeyed fields
maths\makevalid\plyg\gettriangle_test.go:101:5: github.com/go-spatial/tegola/maths.Pt struct literal uses unkeyed fields
maths\makevalid\plyg\gettriangle_test.go:102:5: github.com/go-spatial/tegola/maths.Pt struct literal uses unkeyed fields
maths\makevalid\plyg\gettriangle_test.go:103:5: github.com/go-spatial/tegola/maths.Pt struct literal uses unkeyed fields
maths\makevalid\plyg\gettriangle_test.go:104:5: github.com/go-spatial/tegola/maths.Pt struct literal uses unkeyed fields
maths\makevalid\plyg\gettriangle_test.go:107:5: github.com/go-spatial/tegola/maths.Pt struct literal uses unkeyed fields
maths\makevalid\plyg\gettriangle_test.go:108:5: github.com/go-spatial/tegola/maths.Pt struct literal uses unkeyed fields
maths\makevalid\plyg\gettriangle_test.go:109:5: github.com/go-spatial/tegola/maths.Pt struct literal uses unkeyed fields
maths\makevalid\plyg\gettriangle_test.go:110:5: github.com/go-spatial/tegola/maths.Pt struct literal uses unkeyed fields
maths\makevalid\plyg\gettriangle_test.go:111:5: github.com/go-spatial/tegola/maths.Pt struct literal uses unkeyed fields
maths\makevalid\plyg\ring_test.go:73:6: github.com/go-spatial/tegola/maths.Pt struct literal uses unkeyed fields
maths\makevalid\plyg\ring_test.go:73:14: github.com/go-spatial/tegola/maths.Pt struct literal uses unkeyed fields
maths\makevalid\plyg\ring_test.go:74:6: github.com/go-spatial/tegola/maths.Pt struct literal uses unkeyed fields
maths\makevalid\plyg\ring_test.go:74:14: github.com/go-spatial/tegola/maths.Pt struct literal uses unkeyed fields
maths\makevalid\plyg\ring_test.go:83:26: github.com/go-spatial/tegola/maths.Pt struct literal uses unkeyed fields
maths\makevalid\plyg\ring_test.go:83:34: github.com/go-spatial/tegola/maths.Pt struct literal uses unkeyed fields
maths\makevalid\plyg\ring_test.go:83:42: github.com/go-spatial/tegola/maths.Pt struct literal uses unkeyed fields
maths\makevalid\plyg\ring_test.go:83:50: github.com/go-spatial/tegola/maths.Pt struct literal uses unkeyed fields
maths\makevalid\plyg\ring_test.go:112:6: github.com/go-spatial/tegola/maths.Pt struct literal uses unkeyed fields
maths\makevalid\plyg\ring_test.go:112:14: github.com/go-spatial/tegola/maths.Pt struct literal uses unkeyed fields
maths\makevalid\plyg\ring_test.go:113:6: github.com/go-spatial/tegola/maths.Pt struct literal uses unkeyed fields
maths\makevalid\plyg\ring_test.go:113:14: github.com/go-spatial/tegola/maths.Pt struct literal uses unkeyed fields
maths\makevalid\plyg\ring_test.go:116:5: github.com/go-spatial/tegola/maths.Pt struct literal uses unkeyed fields
maths\makevalid\plyg\ring_test.go:124:26: github.com/go-spatial/tegola/maths.Pt struct literal uses unkeyed fields
maths\makevalid\plyg\ring_test.go:124:34: github.com/go-spatial/tegola/maths.Pt struct literal uses unkeyed fields
maths\makevalid\plyg\ring_test.go:124:42: github.com/go-spatial/tegola/maths.Pt struct literal uses unkeyed fields
maths\makevalid\plyg\ring_test.go:124:50: github.com/go-spatial/tegola/maths.Pt struct literal uses unkeyed fields
maths\makevalid\plyg\ring_test.go:133:6: github.com/go-spatial/tegola/maths.Pt struct literal uses unkeyed fields
maths\makevalid\plyg\ring_test.go:133:14: github.com/go-spatial/tegola/maths.Pt struct literal uses unkeyed fields
maths\makevalid\plyg\ring_test.go:134:6: github.com/go-spatial/tegola/maths.Pt struct literal uses unkeyed fields
maths\makevalid\plyg\ring_test.go:134:14: github.com/go-spatial/tegola/maths.Pt struct literal uses unkeyed fields
maths\makevalid\plyg\ring_test.go:137:5: github.com/go-spatial/tegola/maths.Pt struct literal uses unkeyed fields
maths\makevalid\plyg\ring_test.go:145:26: github.com/go-spatial/tegola/maths.Pt struct literal uses unkeyed fields
maths\makevalid\plyg\ring_test.go:145:34: github.com/go-spatial/tegola/maths.Pt struct literal uses unkeyed fields
maths\makevalid\plyg\ring_test.go:145:42: github.com/go-spatial/tegola/maths.Pt struct literal uses unkeyed fields
maths\makevalid\plyg\ring_test.go:145:50: github.com/go-spatial/tegola/maths.Pt struct literal uses unkeyed fields
maths\makevalid\plyg\ring_test.go:154:6: github.com/go-spatial/tegola/maths.Pt struct literal uses unkeyed fields
maths\makevalid\plyg\ring_test.go:154:14: github.com/go-spatial/tegola/maths.Pt struct literal uses unkeyed fields
maths\makevalid\plyg\ring_test.go:154:22: github.com/go-spatial/tegola/maths.Pt struct literal uses unkeyed fields
maths\makevalid\plyg\ring_test.go:154:30: github.com/go-spatial/tegola/maths.Pt struct literal uses unkeyed fields
maths\makevalid\plyg\ring_test.go:155:6: github.com/go-spatial/tegola/maths.Pt struct literal uses unkeyed fields
maths\makevalid\plyg\ring_test.go:155:14: github.com/go-spatial/tegola/maths.Pt struct literal uses unkeyed fields
maths\makevalid\plyg\ring_test.go:155:22: github.com/go-spatial/tegola/maths.Pt struct literal uses unkeyed fields
maths\makevalid\plyg\ring_test.go:155:30: github.com/go-spatial/tegola/maths.Pt struct literal uses unkeyed fields
maths\makevalid\plyg\ring_test.go:155:38: github.com/go-spatial/tegola/maths.Pt struct literal uses unkeyed fields
maths\makevalid\plyg\ring_test.go:155:46: github.com/go-spatial/tegola/maths.Pt struct literal uses unkeyed fields
maths\makevalid\plyg\ring_test.go:155:54: github.com/go-spatial/tegola/maths.Pt struct literal uses unkeyed fields
maths\makevalid\plyg\ring_test.go:155:62: github.com/go-spatial/tegola/maths.Pt struct literal uses unkeyed fields
maths\makevalid\plyg\ring_test.go:158:5: github.com/go-spatial/tegola/maths.Pt struct literal uses unkeyed fields
maths\makevalid\plyg\ring_test.go:159:5: github.com/go-spatial/tegola/maths.Pt struct literal uses unkeyed fields
maths\makevalid\plyg\ring_test.go:160:5: github.com/go-spatial/tegola/maths.Pt struct literal uses unkeyed fields
maths\makevalid\plyg\ring_test.go:161:5: github.com/go-spatial/tegola/maths.Pt struct literal uses unkeyed fields
maths\makevalid\plyg\ring_test.go:171:56: github.com/go-spatial/tegola/maths.Pt struct literal uses unkeyed fields
maths\makevalid\plyg\ring_test.go:171:64: github.com/go-spatial/tegola/maths.Pt struct literal uses unkeyed fields
maths\makevalid\plyg\ring_test.go:171:72: github.com/go-spatial/tegola/maths.Pt struct literal uses unkeyed fields
maths\makevalid\plyg\ring_test.go:171:80: github.com/go-spatial/tegola/maths.Pt struct literal uses unkeyed fields
maths\makevalid\plyg\ring_test.go:172:57: github.com/go-spatial/tegola/maths.Pt struct literal uses unkeyed fields
maths\makevalid\plyg\ring_test.go:172:65: github.com/go-spatial/tegola/maths.Pt struct literal uses unkeyed fields
maths\makevalid\plyg\ring_test.go:172:73: github.com/go-spatial/tegola/maths.Pt struct literal uses unkeyed fields
maths\makevalid\plyg\ring_test.go:172:81: github.com/go-spatial/tegola/maths.Pt struct literal uses unkeyed fields
maths\makevalid\plyg\ring_test.go:173:57: github.com/go-spatial/tegola/maths.Pt struct literal uses unkeyed fields
maths\makevalid\plyg\ring_test.go:173:65: github.com/go-spatial/tegola/maths.Pt struct literal uses unkeyed fields
maths\makevalid\plyg\ring_test.go:173:73: github.com/go-spatial/tegola/maths.Pt struct literal uses unkeyed fields
maths\makevalid\plyg\ring_test.go:173:81: github.com/go-spatial/tegola/maths.Pt struct literal uses unkeyed fields
maths\makevalid\plyg\ring_test.go:176:6: github.com/go-spatial/tegola/maths.Pt struct literal uses unkeyed fields
maths\makevalid\plyg\ring_test.go:176:14: github.com/go-spatial/tegola/maths.Pt struct literal uses unkeyed fields
maths\makevalid\plyg\ring_test.go:176:22: github.com/go-spatial/tegola/maths.Pt struct literal uses unkeyed fields
maths\makevalid\plyg\ring_test.go:176:30: github.com/go-spatial/tegola/maths.Pt struct literal uses unkeyed fields
maths\makevalid\plyg\ring_test.go:177:6: github.com/go-spatial/tegola/maths.Pt struct literal uses unkeyed fields
maths\makevalid\plyg\ring_test.go:177:14: github.com/go-spatial/tegola/maths.Pt struct literal uses unkeyed fields
maths\makevalid\plyg\ring_test.go:177:22: github.com/go-spatial/tegola/maths.Pt struct literal uses unkeyed fields
maths\makevalid\plyg\ring_test.go:177:30: github.com/go-spatial/tegola/maths.Pt struct literal uses unkeyed fields
maths\makevalid\plyg\ring_test.go:177:38: github.com/go-spatial/tegola/maths.Pt struct literal uses unkeyed fields
maths\makevalid\plyg\ring_test.go:177:46: github.com/go-spatial/tegola/maths.Pt struct literal uses unkeyed fields
maths\makevalid\plyg\ring_test.go:177:54: github.com/go-spatial/tegola/maths.Pt struct literal uses unkeyed fields
maths\makevalid\plyg\ring_test.go:177:62: github.com/go-spatial/tegola/maths.Pt struct literal uses unkeyed fields
maths\makevalid\plyg\ring_test.go:180:5: github.com/go-spatial/tegola/maths.Pt struct literal uses unkeyed fields
maths\makevalid\plyg\ring_test.go:181:5: github.com/go-spatial/tegola/maths.Pt struct literal uses unkeyed fields
maths\makevalid\plyg\ring_test.go:182:5: github.com/go-spatial/tegola/maths.Pt struct literal uses unkeyed fields
maths\makevalid\plyg\ring_test.go:183:5: github.com/go-spatial/tegola/maths.Pt struct literal uses unkeyed fields
maths\makevalid\plyg\ring_test.go:191:26: github.com/go-spatial/tegola/maths.Pt struct literal uses unkeyed fields
maths\makevalid\plyg\ring_test.go:191:34: github.com/go-spatial/tegola/maths.Pt struct literal uses unkeyed fields
maths\makevalid\plyg\ring_test.go:191:42: github.com/go-spatial/tegola/maths.Pt struct literal uses unkeyed fields
maths\makevalid\plyg\ring_test.go:191:50: github.com/go-spatial/tegola/maths.Pt struct literal uses unkeyed fields
maths\makevalid\plyg\ring_test.go:195:26: github.com/go-spatial/tegola/maths.Pt struct literal uses unkeyed fields
maths\makevalid\plyg\ring_test.go:195:34: github.com/go-spatial/tegola/maths.Pt struct literal uses unkeyed fields
maths\makevalid\plyg\ring_test.go:195:42: github.com/go-spatial/tegola/maths.Pt struct literal uses unkeyed fields
maths\makevalid\plyg\ring_test.go:195:50: github.com/go-spatial/tegola/maths.Pt struct literal uses unkeyed fields
maths\makevalid\plyg\ring_test.go:195:58: github.com/go-spatial/tegola/maths.Pt struct literal uses unkeyed fields
maths\makevalid\plyg\ring_test.go:195:66: github.com/go-spatial/tegola/maths.Pt struct literal uses unkeyed fields
maths\makevalid\plyg\ring_test.go:195:74: github.com/go-spatial/tegola/maths.Pt struct literal uses unkeyed fields
maths\makevalid\plyg\ring_test.go:195:82: github.com/go-spatial/tegola/maths.Pt struct literal uses unkeyed fields
maths\makevalid\plyg\ring_test.go:199:26: github.com/go-spatial/tegola/maths.Pt struct literal uses unkeyed fields
maths\makevalid\plyg\ring_test.go:199:34: github.com/go-spatial/tegola/maths.Pt struct literal uses unkeyed fields
maths\makevalid\plyg\ring_test.go:199:42: github.com/go-spatial/tegola/maths.Pt struct literal uses unkeyed fields
maths\makevalid\plyg\ring_test.go:199:50: github.com/go-spatial/tegola/maths.Pt struct literal uses unkeyed fields
maths\makevalid\plyg\ring_test.go:237:7: github.com/go-spatial/tegola/maths.Pt struct literal uses unkeyed fields
maths\makevalid\plyg\ring_test.go:237:15: github.com/go-spatial/tegola/maths.Pt struct literal uses unkeyed fields
maths\makevalid\plyg\ring_test.go:238:7: github.com/go-spatial/tegola/maths.Pt struct literal uses unkeyed fields
maths\makevalid\plyg\ring_test.go:238:15: github.com/go-spatial/tegola/maths.Pt struct literal uses unkeyed fields
maths\makevalid\plyg\ring_test.go:241:7: github.com/go-spatial/tegola/maths.Pt struct literal uses unkeyed fields
maths\makevalid\plyg\ring_test.go:241:15: github.com/go-spatial/tegola/maths.Pt struct literal uses unkeyed fields
maths\makevalid\plyg\ring_test.go:242:7: github.com/go-spatial/tegola/maths.Pt struct literal uses unkeyed fields
maths\makevalid\plyg\ring_test.go:242:15: github.com/go-spatial/tegola/maths.Pt struct literal uses unkeyed fields
maths\makevalid\plyg\ring_test.go:247:6: github.com/go-spatial/tegola/maths.Pt struct literal uses unkeyed fields
maths\makevalid\plyg\ring_test.go:250:6: github.com/go-spatial/tegola/maths.Pt struct literal uses unkeyed fields
maths\makevalid\plyg\ring_test.go:260:26: github.com/go-spatial/tegola/maths.Pt struct literal uses unkeyed fields
maths\makevalid\plyg\ring_test.go:260:34: github.com/go-spatial/tegola/maths.Pt struct literal uses unkeyed fields
maths\makevalid\plyg\ring_test.go:260:42: github.com/go-spatial/tegola/maths.Pt struct literal uses unkeyed fields
maths\makevalid\plyg\ring_test.go:260:50: github.com/go-spatial/tegola/maths.Pt struct literal uses unkeyed fields
maths\makevalid\plyg\ring_test.go:289:56: github.com/go-spatial/tegola/maths.Pt struct literal uses unkeyed fields
maths\makevalid\plyg\ring_test.go:289:64: github.com/go-spatial/tegola/maths.Pt struct literal uses unkeyed fields
maths\makevalid\plyg\ring_test.go:289:72: github.com/go-spatial/tegola/maths.Pt struct literal uses unkeyed fields
maths\makevalid\plyg\ring_test.go:290:56: github.com/go-spatial/tegola/maths.Pt struct literal uses unkeyed fields
maths\makevalid\plyg\ring_test.go:290:64: github.com/go-spatial/tegola/maths.Pt struct literal uses unkeyed fields
maths\makevalid\plyg\ring_test.go:290:72: github.com/go-spatial/tegola/maths.Pt struct literal uses unkeyed fields
maths\makevalid\plyg\ring_test.go:294:7: github.com/go-spatial/tegola/maths.Pt struct literal uses unkeyed fields
maths\makevalid\plyg\ring_test.go:294:15: github.com/go-spatial/tegola/maths.Pt struct literal uses unkeyed fields
maths\makevalid\plyg\ring_test.go:294:23: github.com/go-spatial/tegola/maths.Pt struct literal uses unkeyed fields
maths\makevalid\plyg\ring_test.go:295:7: github.com/go-spatial/tegola/maths.Pt struct literal uses unkeyed fields
maths\makevalid\plyg\ring_test.go:295:15: github.com/go-spatial/tegola/maths.Pt struct literal uses unkeyed fields
maths\makevalid\plyg\ring_test.go:295:23: github.com/go-spatial/tegola/maths.Pt struct literal uses unkeyed fields
maths\makevalid\plyg\ring_test.go:295:31: github.com/go-spatial/tegola/maths.Pt struct literal uses unkeyed fields
maths\makevalid\plyg\ring_test.go:298:7: github.com/go-spatial/tegola/maths.Pt struct literal uses unkeyed fields
maths\makevalid\plyg\ring_test.go:298:15: github.com/go-spatial/tegola/maths.Pt struct literal uses unkeyed fields
maths\makevalid\plyg\ring_test.go:298:23: github.com/go-spatial/tegola/maths.Pt struct literal uses unkeyed fields
maths\makevalid\plyg\ring_test.go:298:31: github.com/go-spatial/tegola/maths.Pt struct literal uses unkeyed fields
maths\makevalid\plyg\ring_test.go:299:7: github.com/go-spatial/tegola/maths.Pt struct literal uses unkeyed fields
maths\makevalid\plyg\ring_test.go:299:15: github.com/go-spatial/tegola/maths.Pt struct literal uses unkeyed fields
maths\makevalid\plyg\ring_test.go:304:6: github.com/go-spatial/tegola/maths.Pt struct literal uses unkeyed fields
maths\makevalid\plyg\ring_test.go:307:6: github.com/go-spatial/tegola/maths.Pt struct literal uses unkeyed fields
maths\makevalid\plyg\ring_test.go:317:26: github.com/go-spatial/tegola/maths.Pt struct literal uses unkeyed fields
maths\makevalid\plyg\ring_test.go:317:34: github.com/go-spatial/tegola/maths.Pt struct literal uses unkeyed fields
maths\makevalid\plyg\ring_test.go:317:42: github.com/go-spatial/tegola/maths.Pt struct literal uses unkeyed fields
maths\makevalid\plyg\ring_test.go:317:50: github.com/go-spatial/tegola/maths.Pt struct literal uses unkeyed fields
maths\makevalid\plyg\ring_test.go:317:58: github.com/go-spatial/tegola/maths.Pt struct literal uses unkeyed fields
maths\makevalid\plyg\ring_test.go:317:66: github.com/go-spatial/tegola/maths.Pt struct literal uses unkeyed fields
maths\makevalid\plyg\ring_test.go:321:26: github.com/go-spatial/tegola/maths.Pt struct literal uses unkeyed fields
maths\makevalid\plyg\ring_test.go:321:34: github.com/go-spatial/tegola/maths.Pt struct literal uses unkeyed fields
maths\makevalid\plyg\ring_test.go:321:42: github.com/go-spatial/tegola/maths.Pt struct literal uses unkeyed fields
maths\makevalid\plyg\ring_test.go:325:26: github.com/go-spatial/tegola/maths.Pt struct literal uses unkeyed fields
maths\makevalid\plyg\ring_test.go:325:34: github.com/go-spatial/tegola/maths.Pt struct literal uses unkeyed fields
maths\makevalid\plyg\ring_test.go:325:42: github.com/go-spatial/tegola/maths.Pt struct literal uses unkeyed fields
maths\makevalid\plyg\ring_test.go:329:26: github.com/go-spatial/tegola/maths.Pt struct literal uses unkeyed fields
maths\makevalid\plyg\ring_test.go:329:34: github.com/go-spatial/tegola/maths.Pt struct literal uses unkeyed fields
maths\makevalid\plyg\ring_test.go:329:42: github.com/go-spatial/tegola/maths.Pt struct literal uses unkeyed fields
maths\makevalid\plyg\ring_test.go:373:56: github.com/go-spatial/tegola/maths.Pt struct literal uses unkeyed fields
maths\makevalid\plyg\ring_test.go:373:64: github.com/go-spatial/tegola/maths.Pt struct literal uses unkeyed fields
maths\makevalid\plyg\ring_test.go:373:72: github.com/go-spatial/tegola/maths.Pt struct literal uses unkeyed fields
maths\makevalid\plyg\ring_test.go:373:80: github.com/go-spatial/tegola/maths.Pt struct literal uses unkeyed fields
maths\makevalid\plyg\ring_test.go:374:57: github.com/go-spatial/tegola/maths.Pt struct literal uses unkeyed fields
maths\makevalid\plyg\ring_test.go:374:65: github.com/go-spatial/tegola/maths.Pt struct literal uses unkeyed fields
maths\makevalid\plyg\ring_test.go:374:73: github.com/go-spatial/tegola/maths.Pt struct literal uses unkeyed fields
maths\makevalid\plyg\ring_test.go:374:81: github.com/go-spatial/tegola/maths.Pt struct literal uses unkeyed fields
maths\makevalid\plyg\ring_test.go:375:57: github.com/go-spatial/tegola/maths.Pt struct literal uses unkeyed fields
maths\makevalid\plyg\ring_test.go:375:65: github.com/go-spatial/tegola/maths.Pt struct literal uses unkeyed fields
maths\makevalid\plyg\ring_test.go:375:73: github.com/go-spatial/tegola/maths.Pt struct literal uses unkeyed fields
maths\makevalid\plyg\ring_test.go:375:81: github.com/go-spatial/tegola/maths.Pt struct literal uses unkeyed fields
maths\makevalid\plyg\ring_test.go:380:7: github.com/go-spatial/tegola/maths.Pt struct literal uses unkeyed fields
maths\makevalid\plyg\ring_test.go:380:15: github.com/go-spatial/tegola/maths.Pt struct literal uses unkeyed fields
maths\makevalid\plyg\ring_test.go:380:23: github.com/go-spatial/tegola/maths.Pt struct literal uses unkeyed fields
maths\makevalid\plyg\ring_test.go:380:31: github.com/go-spatial/tegola/maths.Pt struct literal uses unkeyed fields
maths\makevalid\plyg\ring_test.go:381:7: github.com/go-spatial/tegola/maths.Pt struct literal uses unkeyed fields
maths\makevalid\plyg\ring_test.go:381:15: github.com/go-spatial/tegola/maths.Pt struct literal uses unkeyed fields
maths\makevalid\plyg\ring_test.go:381:23: github.com/go-spatial/tegola/maths.Pt struct literal uses unkeyed fields
maths\makevalid\plyg\ring_test.go:381:31: github.com/go-spatial/tegola/maths.Pt struct literal uses unkeyed fields
maths\makevalid\plyg\ring_test.go:381:39: github.com/go-spatial/tegola/maths.Pt struct literal uses unkeyed fields
maths\makevalid\plyg\ring_test.go:381:47: github.com/go-spatial/tegola/maths.Pt struct literal uses unkeyed fields
maths\makevalid\plyg\ring_test.go:381:55: github.com/go-spatial/tegola/maths.Pt struct literal uses unkeyed fields
maths\makevalid\plyg\ring_test.go:381:63: github.com/go-spatial/tegola/maths.Pt struct literal uses unkeyed fields
maths\makevalid\plyg\ring_test.go:384:7: github.com/go-spatial/tegola/maths.Pt struct literal uses unkeyed fields
maths\makevalid\plyg\ring_test.go:384:15: github.com/go-spatial/tegola/maths.Pt struct literal uses unkeyed fields
maths\makevalid\plyg\ring_test.go:384:23: github.com/go-spatial/tegola/maths.Pt struct literal uses unkeyed fields
maths\makevalid\plyg\ring_test.go:384:31: github.com/go-spatial/tegola/maths.Pt struct literal uses unkeyed fields
maths\makevalid\plyg\ring_test.go:384:39: github.com/go-spatial/tegola/maths.Pt struct literal uses unkeyed fields
maths\makevalid\plyg\ring_test.go:384:47: github.com/go-spatial/tegola/maths.Pt struct literal uses unkeyed fields
maths\makevalid\plyg\ring_test.go:384:55: github.com/go-spatial/tegola/maths.Pt struct literal uses unkeyed fields
maths\makevalid\plyg\ring_test.go:384:63: github.com/go-spatial/tegola/maths.Pt struct literal uses unkeyed fields
maths\makevalid\plyg\ring_test.go:385:7: github.com/go-spatial/tegola/maths.Pt struct literal uses unkeyed fields
maths\makevalid\plyg\ring_test.go:385:15: github.com/go-spatial/tegola/maths.Pt struct literal uses unkeyed fields
maths\makevalid\plyg\ring_test.go:385:23: github.com/go-spatial/tegola/maths.Pt struct literal uses unkeyed fields
maths\makevalid\plyg\ring_test.go:385:31: github.com/go-spatial/tegola/maths.Pt struct literal uses unkeyed fields
maths\makevalid\plyg\ring_test.go:385:39: github.com/go-spatial/tegola/maths.Pt struct literal uses unkeyed fields
maths\makevalid\plyg\ring_test.go:385:47: github.com/go-spatial/tegola/maths.Pt struct literal uses unkeyed fields
maths\makevalid\plyg\ring_test.go:385:55: github.com/go-spatial/tegola/maths.Pt struct literal uses unkeyed fields
maths\makevalid\plyg\ring_test.go:385:63: github.com/go-spatial/tegola/maths.Pt struct literal uses unkeyed fields
maths\makevalid\plyg\ring_test.go:391:6: github.com/go-spatial/tegola/maths.Pt struct literal uses unkeyed fields
maths\makevalid\plyg\ring_test.go:392:6: github.com/go-spatial/tegola/maths.Pt struct literal uses unkeyed fields
maths\makevalid\plyg\ring_test.go:393:6: github.com/go-spatial/tegola/maths.Pt struct literal uses unkeyed fields
maths\makevalid\plyg\ring_test.go:394:6: github.com/go-spatial/tegola/maths.Pt struct literal uses unkeyed fields
maths\makevalid\plyg\ring_test.go:397:6: github.com/go-spatial/tegola/maths.Pt struct literal uses unkeyed fields
maths\makevalid\plyg\ring_test.go:398:6: github.com/go-spatial/tegola/maths.Pt struct literal uses unkeyed fields
maths\makevalid\plyg\ring_test.go:399:6: github.com/go-spatial/tegola/maths.Pt struct literal uses unkeyed fields
maths\makevalid\plyg\ring_test.go:400:6: github.com/go-spatial/tegola/maths.Pt struct literal uses unkeyed fields
maths\makevalid\plyg\ring_test.go:401:6: github.com/go-spatial/tegola/maths.Pt struct literal uses unkeyed fields
maths\makevalid\plyg\ring_test.go:402:6: github.com/go-spatial/tegola/maths.Pt struct literal uses unkeyed fields
maths\makevalid\plyg\ring_test.go:403:6: github.com/go-spatial/tegola/maths.Pt struct literal uses unkeyed fields
maths\makevalid\plyg\ring_test.go:404:6: github.com/go-spatial/tegola/maths.Pt struct literal uses unkeyed fields
maths\makevalid\plyg\ring_test.go:416:26: github.com/go-spatial/tegola/maths.Pt struct literal uses unkeyed fields
maths\makevalid\plyg\ring_test.go:416:34: github.com/go-spatial/tegola/maths.Pt struct literal uses unkeyed fields
maths\makevalid\plyg\ring_test.go:416:42: github.com/go-spatial/tegola/maths.Pt struct literal uses unkeyed fields
maths\makevalid\plyg\ring_test.go:416:50: github.com/go-spatial/tegola/maths.Pt struct literal uses unkeyed fields
maths\makevalid\plyg\ring_test.go:420:26: github.com/go-spatial/tegola/maths.Pt struct literal uses unkeyed fields
maths\makevalid\plyg\ring_test.go:420:34: github.com/go-spatial/tegola/maths.Pt struct literal uses unkeyed fields
maths\makevalid\plyg\ring_test.go:420:42: github.com/go-spatial/tegola/maths.Pt struct literal uses unkeyed fields
maths\makevalid\plyg\ring_test.go:420:50: github.com/go-spatial/tegola/maths.Pt struct literal uses unkeyed fields
maths\makevalid\plyg\ring_test.go:420:58: github.com/go-spatial/tegola/maths.Pt struct literal uses unkeyed fields
maths\makevalid\plyg\ring_test.go:420:66: github.com/go-spatial/tegola/maths.Pt struct literal uses unkeyed fields
maths\makevalid\plyg\ring_test.go:420:74: github.com/go-spatial/tegola/maths.Pt struct literal uses unkeyed fields
maths\makevalid\plyg\ring_test.go:420:82: github.com/go-spatial/tegola/maths.Pt struct literal uses unkeyed fields
maths\makevalid\plyg\ring_test.go:420:90: github.com/go-spatial/tegola/maths.Pt struct literal uses unkeyed fields
maths\makevalid\plyg\ring_test.go:420:98: github.com/go-spatial/tegola/maths.Pt struct literal uses unkeyed fields
maths\makevalid\plyg\ring_test.go:420:106: github.com/go-spatial/tegola/maths.Pt struct literal uses unkeyed fields
maths\makevalid\plyg\ring_test.go:420:114: github.com/go-spatial/tegola/maths.Pt struct literal uses unkeyed fields
maths\makevalid\plyg\ring_test.go:424:26: github.com/go-spatial/tegola/maths.Pt struct literal uses unkeyed fields
maths\makevalid\plyg\ring_test.go:424:34: github.com/go-spatial/tegola/maths.Pt struct literal uses unkeyed fields
maths\makevalid\plyg\ring_test.go:424:42: github.com/go-spatial/tegola/maths.Pt struct literal uses unkeyed fields
maths\makevalid\plyg\ring_test.go:424:50: github.com/go-spatial/tegola/maths.Pt struct literal uses unkeyed fields
maths\makevalid\plyg\ring_test.go:428:26: github.com/go-spatial/tegola/maths.Pt struct literal uses unkeyed fields
maths\makevalid\plyg\ring_test.go:428:34: github.com/go-spatial/tegola/maths.Pt struct literal uses unkeyed fields
maths\makevalid\plyg\ring_test.go:428:42: github.com/go-spatial/tegola/maths.Pt struct literal uses unkeyed fields
maths\makevalid\plyg\ring_test.go:428:50: github.com/go-spatial/tegola/maths.Pt struct literal uses unkeyed fields
maths\makevalid\plyg\ring_test.go:432:26: github.com/go-spatial/tegola/maths.Pt struct literal uses unkeyed fields
maths\makevalid\plyg\ring_test.go:432:34: github.com/go-spatial/tegola/maths.Pt struct literal uses unkeyed fields
maths\makevalid\plyg\ring_test.go:432:42: github.com/go-spatial/tegola/maths.Pt struct literal uses unkeyed fields
maths\makevalid\plyg\ring_test.go:432:50: github.com/go-spatial/tegola/maths.Pt struct literal uses unkeyed fields
maths\makevalid\plyg\ring_test.go:525:17: github.com/go-spatial/tegola/maths.Pt struct literal uses unkeyed fields
maths\makevalid\plyg\ring_test.go:525:25: github.com/go-spatial/tegola/maths.Pt struct literal uses unkeyed fields
maths\makevalid\plyg\ring_test.go:525:33: github.com/go-spatial/tegola/maths.Pt struct literal uses unkeyed fields
maths\makevalid\plyg\ring_test.go:525:41: github.com/go-spatial/tegola/maths.Pt struct literal uses unkeyed fields
maths\makevalid\plyg\ring_test.go:529:17: github.com/go-spatial/tegola/maths.Pt struct literal uses unkeyed fields
maths\makevalid\plyg\ring_test.go:529:25: github.com/go-spatial/tegola/maths.Pt struct literal uses unkeyed fields
maths\makevalid\plyg\ring_test.go:529:33: github.com/go-spatial/tegola/maths.Pt struct literal uses unkeyed fields
maths\makevalid\plyg\ring_test.go:535:7: github.com/go-spatial/tegola/maths.Pt struct literal uses unkeyed fields
maths\makevalid\plyg\ring_test.go:535:15: github.com/go-spatial/tegola/maths.Pt struct literal uses unkeyed fields
maths\makevalid\plyg\ring_test.go:536:7: github.com/go-spatial/tegola/maths.Pt struct literal uses unkeyed fields
maths\makevalid\plyg\ring_test.go:536:15: github.com/go-spatial/tegola/maths.Pt struct literal uses unkeyed fields
maths\makevalid\plyg\ring_test.go:536:23: github.com/go-spatial/tegola/maths.Pt struct literal uses unkeyed fields
maths\makevalid\plyg\ring_test.go:539:7: github.com/go-spatial/tegola/maths.Pt struct literal uses unkeyed fields
maths\makevalid\plyg\ring_test.go:539:15: github.com/go-spatial/tegola/maths.Pt struct literal uses unkeyed fields
maths\makevalid\plyg\ring_test.go:539:23: github.com/go-spatial/tegola/maths.Pt struct literal uses unkeyed fields
maths\makevalid\plyg\ring_test.go:540:7: github.com/go-spatial/tegola/maths.Pt struct literal uses unkeyed fields
maths\makevalid\plyg\ring_test.go:540:15: github.com/go-spatial/tegola/maths.Pt struct literal uses unkeyed fields
maths\makevalid\plyg\ring_test.go:540:23: github.com/go-spatial/tegola/maths.Pt struct literal uses unkeyed fields
maths\makevalid\plyg\ring_test.go:540:31: github.com/go-spatial/tegola/maths.Pt struct literal uses unkeyed fields
maths\makevalid\plyg\ring_test.go:546:6: github.com/go-spatial/tegola/maths.Pt struct literal uses unkeyed fields
maths\makevalid\plyg\ring_test.go:549:6: github.com/go-spatial/tegola/maths.Pt struct literal uses unkeyed fields
maths\makevalid\plyg\ring_test.go:561:26: github.com/go-spatial/tegola/maths.Pt struct literal uses unkeyed fields
maths\makevalid\plyg\ring_test.go:561:34: github.com/go-spatial/tegola/maths.Pt struct literal uses unkeyed fields
maths\makevalid\plyg\ring_test.go:561:42: github.com/go-spatial/tegola/maths.Pt struct literal uses unkeyed fields
maths\makevalid\plyg\ring_test.go:561:50: github.com/go-spatial/tegola/maths.Pt struct literal uses unkeyed fields
maths\makevalid\plyg\ring_test.go:561:58: github.com/go-spatial/tegola/maths.Pt struct literal uses unkeyed fields
maths\makevalid\plyg\ring_test.go:561:66: github.com/go-spatial/tegola/maths.Pt struct literal uses unkeyed fields
maths\makevalid\plyg\ring_test.go:561:74: github.com/go-spatial/tegola/maths.Pt struct literal uses unkeyed fields
maths\makevalid\plyg\ring_test.go:565:26: github.com/go-spatial/tegola/maths.Pt struct literal uses unkeyed fields
maths\makevalid\plyg\ring_test.go:565:34: github.com/go-spatial/tegola/maths.Pt struct literal uses unkeyed fields
maths\makevalid\plyg\ring_test.go:565:42: github.com/go-spatial/tegola/maths.Pt struct literal uses unkeyed fields
maths\makevalid\construct_ring_test.go:21:25: github.com/go-spatial/tegola/maths.Pt struct literal uses unkeyed fields
maths\makevalid\construct_ring_test.go:21:35: github.com/go-spatial/tegola/maths.Pt struct literal uses unkeyed fields
maths\makevalid\construct_ring_test.go:22:25: github.com/go-spatial/tegola/maths.Pt struct literal uses unkeyed fields
maths\makevalid\construct_ring_test.go:22:35: github.com/go-spatial/tegola/maths.Pt struct literal uses unkeyed fields
maths\makevalid\construct_ring_test.go:23:25: github.com/go-spatial/tegola/maths.Pt struct literal uses unkeyed fields
maths\makevalid\construct_ring_test.go:23:35: github.com/go-spatial/tegola/maths.Pt struct literal uses unkeyed fields
maths\makevalid\construct_ring_test.go:23:45: github.com/go-spatial/tegola/maths.Pt struct literal uses unkeyed fields
maths\makevalid\makevalid_splitpts_test.go:45:6: github.com/go-spatial/tegola/maths.Pt struct literal uses unkeyed fields
maths\makevalid\makevalid_splitpts_test.go:45:14: github.com/go-spatial/tegola/maths.Pt struct literal uses unkeyed fields
maths\makevalid\makevalid_splitpts_test.go:46:6: github.com/go-spatial/tegola/maths.Pt struct literal uses unkeyed fields
maths\makevalid\makevalid_splitpts_test.go:46:14: github.com/go-spatial/tegola/maths.Pt struct literal uses unkeyed fields
maths\makevalid\makevalid_splitpts_test.go:49:6: github.com/go-spatial/tegola/maths.Pt struct literal uses unkeyed fields
maths\makevalid\makevalid_splitpts_test.go:49:14: github.com/go-spatial/tegola/maths.Pt struct literal uses unkeyed fields
maths\makevalid\makevalid_splitpts_test.go:49:23: github.com/go-spatial/tegola/maths.Pt struct literal uses unkeyed fields
maths\makevalid\makevalid_splitpts_test.go:50:6: github.com/go-spatial/tegola/maths.Pt struct literal uses unkeyed fields
maths\makevalid\makevalid_splitpts_test.go:50:14: github.com/go-spatial/tegola/maths.Pt struct literal uses unkeyed fields
maths\makevalid\makevalid_splitpts_test.go:50:23: github.com/go-spatial/tegola/maths.Pt struct literal uses unkeyed fields
maths\makevalid\makevalid_splitpts_test.go:55:6: github.com/go-spatial/tegola/maths.Pt struct literal uses unkeyed fields
maths\makevalid\makevalid_splitpts_test.go:55:14: github.com/go-spatial/tegola/maths.Pt struct literal uses unkeyed fields
maths\makevalid\makevalid_splitpts_test.go:56:6: github.com/go-spatial/tegola/maths.Pt struct literal uses unkeyed fields
maths\makevalid\makevalid_splitpts_test.go:56:14: github.com/go-spatial/tegola/maths.Pt struct literal uses unkeyed fields
maths\makevalid\makevalid_splitpts_test.go:59:6: github.com/go-spatial/tegola/maths.Pt struct literal uses unkeyed fields
maths\makevalid\makevalid_splitpts_test.go:59:14: github.com/go-spatial/tegola/maths.Pt struct literal uses unkeyed fields
maths\makevalid\makevalid_splitpts_test.go:59:23: github.com/go-spatial/tegola/maths.Pt struct literal uses unkeyed fields
maths\makevalid\makevalid_splitpts_test.go:60:6: github.com/go-spatial/tegola/maths.Pt struct literal uses unkeyed fields
maths\makevalid\makevalid_splitpts_test.go:60:14: github.com/go-spatial/tegola/maths.Pt struct literal uses unkeyed fields
maths\makevalid\makevalid_splitpts_test.go:65:6: github.com/go-spatial/tegola/maths.Pt struct literal uses unkeyed fields
maths\makevalid\makevalid_splitpts_test.go:65:14: github.com/go-spatial/tegola/maths.Pt struct literal uses unkeyed fields
maths\makevalid\makevalid_splitpts_test.go:66:6: github.com/go-spatial/tegola/maths.Pt struct literal uses unkeyed fields
maths\makevalid\makevalid_splitpts_test.go:66:14: github.com/go-spatial/tegola/maths.Pt struct literal uses unkeyed fields
maths\makevalid\makevalid_splitpts_test.go:69:6: github.com/go-spatial/tegola/maths.Pt struct literal uses unkeyed fields
maths\makevalid\makevalid_splitpts_test.go:69:14: github.com/go-spatial/tegola/maths.Pt struct literal uses unkeyed fields
maths\makevalid\makevalid_splitpts_test.go:70:6: github.com/go-spatial/tegola/maths.Pt struct literal uses unkeyed fields
maths\makevalid\makevalid_splitpts_test.go:70:14: github.com/go-spatial/tegola/maths.Pt struct literal uses unkeyed fields
maths\makevalid\makevalid_splitpts_test.go:70:23: github.com/go-spatial/tegola/maths.Pt struct literal uses unkeyed fields
maths\makevalid\makevalid_splitpts_test.go:75:6: github.com/go-spatial/tegola/maths.Pt struct literal uses unkeyed fields
maths\makevalid\makevalid_splitpts_test.go:75:14: github.com/go-spatial/tegola/maths.Pt struct literal uses unkeyed fields
maths\makevalid\makevalid_splitpts_test.go:76:6: github.com/go-spatial/tegola/maths.Pt struct literal uses unkeyed fields
maths\makevalid\makevalid_splitpts_test.go:76:14: github.com/go-spatial/tegola/maths.Pt struct literal uses unkeyed fields
maths\makevalid\makevalid_splitpts_test.go:77:6: github.com/go-spatial/tegola/maths.Pt struct literal uses unkeyed fields
maths\makevalid\makevalid_splitpts_test.go:77:14: github.com/go-spatial/tegola/maths.Pt struct literal uses unkeyed fields
maths\makevalid\makevalid_splitpts_test.go:80:6: github.com/go-spatial/tegola/maths.Pt struct literal uses unkeyed fields
maths\makevalid\makevalid_splitpts_test.go:80:14: github.com/go-spatial/tegola/maths.Pt struct literal uses unkeyed fields
maths\makevalid\makevalid_splitpts_test.go:80:23: github.com/go-spatial/tegola/maths.Pt struct literal uses unkeyed fields
maths\makevalid\makevalid_splitpts_test.go:81:6: github.com/go-spatial/tegola/maths.Pt struct literal uses unkeyed fields
maths\makevalid\makevalid_splitpts_test.go:81:14: github.com/go-spatial/tegola/maths.Pt struct literal uses unkeyed fields
maths\makevalid\makevalid_splitpts_test.go:81:23: github.com/go-spatial/tegola/maths.Pt struct literal uses unkeyed fields
maths\makevalid\makevalid_splitpts_test.go:82:6: github.com/go-spatial/tegola/maths.Pt struct literal uses unkeyed fields
maths\makevalid\makevalid_splitpts_test.go:82:14: github.com/go-spatial/tegola/maths.Pt struct literal uses unkeyed fields
maths\makevalid\makevalid_splitpts_test.go:118:6: github.com/go-spatial/tegola/maths.Pt struct literal uses unkeyed fields
maths\makevalid\makevalid_splitpts_test.go:118:14: github.com/go-spatial/tegola/maths.Pt struct literal uses unkeyed fields
maths\makevalid\makevalid_splitpts_test.go:119:6: github.com/go-spatial/tegola/maths.Pt struct literal uses unkeyed fields
maths\makevalid\makevalid_splitpts_test.go:119:14: github.com/go-spatial/tegola/maths.Pt struct literal uses unkeyed fields
maths\makevalid\makevalid_splitpts_test.go:130:6: github.com/go-spatial/tegola/maths.Pt struct literal uses unkeyed fields
maths\makevalid\makevalid_splitpts_test.go:130:14: github.com/go-spatial/tegola/maths.Pt struct literal uses unkeyed fields
maths\makevalid\makevalid_splitpts_test.go:131:6: github.com/go-spatial/tegola/maths.Pt struct literal uses unkeyed fields
maths\makevalid\makevalid_splitpts_test.go:131:14: github.com/go-spatial/tegola/maths.Pt struct literal uses unkeyed fields
maths\makevalid\makevalid_splitpts_test.go:141:6: github.com/go-spatial/tegola/maths.Pt struct literal uses unkeyed fields
maths\makevalid\makevalid_splitpts_test.go:141:14: github.com/go-spatial/tegola/maths.Pt struct literal uses unkeyed fields
maths\makevalid\makevalid_splitpts_test.go:142:6: github.com/go-spatial/tegola/maths.Pt struct literal uses unkeyed fields
maths\makevalid\makevalid_splitpts_test.go:142:14: github.com/go-spatial/tegola/maths.Pt struct literal uses unkeyed fields
maths\makevalid\makevalid_splitpts_test.go:152:6: github.com/go-spatial/tegola/maths.Pt struct literal uses unkeyed fields
maths\makevalid\makevalid_splitpts_test.go:152:14: github.com/go-spatial/tegola/maths.Pt struct literal uses unkeyed fields
maths\makevalid\makevalid_splitpts_test.go:153:6: github.com/go-spatial/tegola/maths.Pt struct literal uses unkeyed fields
maths\makevalid\makevalid_splitpts_test.go:153:14: github.com/go-spatial/tegola/maths.Pt struct literal uses unkeyed fields
maths\makevalid\makevalid_splitpts_test.go:154:6: github.com/go-spatial/tegola/maths.Pt struct literal uses unkeyed fields
maths\makevalid\makevalid_splitpts_test.go:154:14: github.com/go-spatial/tegola/maths.Pt struct literal uses unkeyed fields
maths\makevalid\makevalid_test.go:68:5: github.com/go-spatial/tegola/maths.Pt struct literal uses unkeyed fields
maths\makevalid\makevalid_test.go:68:13: github.com/go-spatial/tegola/maths.Pt struct literal uses unkeyed fields
maths\makevalid\makevalid_test.go:68:21: github.com/go-spatial/tegola/maths.Pt struct literal uses unkeyed fields
maths\makevalid\makevalid_test.go:68:29: github.com/go-spatial/tegola/maths.Pt struct literal uses unkeyed fields
maths\makevalid\makevalid_test.go:71:6: github.com/go-spatial/tegola/maths.Pt struct literal uses unkeyed fields
maths\makevalid\makevalid_test.go:71:22: github.com/go-spatial/tegola/maths.Pt struct literal uses unkeyed fields
maths\makevalid\makevalid_test.go:72:6: github.com/go-spatial/tegola/maths.Pt struct literal uses unkeyed fields
maths\makevalid\makevalid_test.go:72:22: github.com/go-spatial/tegola/maths.Pt struct literal uses unkeyed fields
maths\makevalid\makevalid_test.go:73:6: github.com/go-spatial/tegola/maths.Pt struct literal uses unkeyed fields
maths\makevalid\makevalid_test.go:73:22: github.com/go-spatial/tegola/maths.Pt struct literal uses unkeyed fields
maths\makevalid\makevalid_test.go:74:6: github.com/go-spatial/tegola/maths.Pt struct literal uses unkeyed fields
maths\makevalid\makevalid_test.go:74:22: github.com/go-spatial/tegola/maths.Pt struct literal uses unkeyed fields
maths\makevalid\makevalid_test.go:75:6: github.com/go-spatial/tegola/maths.Pt struct literal uses unkeyed fields
maths\makevalid\makevalid_test.go:75:22: github.com/go-spatial/tegola/maths.Pt struct literal uses unkeyed fields
maths\makevalid\makevalid_test.go:76:6: github.com/go-spatial/tegola/maths.Pt struct literal uses unkeyed fields
maths\makevalid\makevalid_test.go:76:22: github.com/go-spatial/tegola/maths.Pt struct literal uses unkeyed fields
maths\makevalid\makevalid_test.go:100:8: github.com/go-spatial/tegola/draw/svg.MinMax struct literal uses unkeyed fields
maths\makevalid\makevalid_test.go:113:11: github.com/go-spatial/tegola/draw/svg.MinMax struct literal uses unkeyed fields
maths\makevalid\makevalid_test.go:224:7: github.com/go-spatial/tegola/maths.Pt struct literal uses unkeyed fields
maths\makevalid\makevalid_test.go:224:23: github.com/go-spatial/tegola/maths.Pt struct literal uses unkeyed fields
maths\makevalid\makevalid_test.go:225:7: github.com/go-spatial/tegola/maths.Pt struct literal uses unkeyed fields
maths\makevalid\makevalid_test.go:225:23: github.com/go-spatial/tegola/maths.Pt struct literal uses unkeyed fields
maths\makevalid\makevalid_test.go:226:7: github.com/go-spatial/tegola/maths.Pt struct literal uses unkeyed fields
maths\makevalid\makevalid_test.go:226:23: github.com/go-spatial/tegola/maths.Pt struct literal uses unkeyed fields
maths\makevalid\makevalid_test.go:227:7: github.com/go-spatial/tegola/maths.Pt struct literal uses unkeyed fields
maths\makevalid\makevalid_test.go:227:23: github.com/go-spatial/tegola/maths.Pt struct literal uses unkeyed fields
maths\makevalid\makevalid_test.go:230:7: github.com/go-spatial/tegola/maths.Pt struct literal uses unkeyed fields
maths\makevalid\makevalid_test.go:230:23: github.com/go-spatial/tegola/maths.Pt struct literal uses unkeyed fields
maths\makevalid\makevalid_test.go:231:7: github.com/go-spatial/tegola/maths.Pt struct literal uses unkeyed fields
maths\makevalid\makevalid_test.go:231:23: github.com/go-spatial/tegola/maths.Pt struct literal uses unkeyed fields
maths\makevalid\makevalid_test.go:232:7: github.com/go-spatial/tegola/maths.Pt struct literal uses unkeyed fields
maths\makevalid\makevalid_test.go:232:23: github.com/go-spatial/tegola/maths.Pt struct literal uses unkeyed fields
maths\makevalid\makevalid_test.go:233:7: github.com/go-spatial/tegola/maths.Pt struct literal uses unkeyed fields
maths\makevalid\makevalid_test.go:233:23: github.com/go-spatial/tegola/maths.Pt struct literal uses unkeyed fields
maths\makevalid\makevalid_test.go:238:17: github.com/go-spatial/tegola/maths.Pt struct literal uses unkeyed fields
maths\makevalid\makevalid_test.go:238:25: github.com/go-spatial/tegola/maths.Pt struct literal uses unkeyed fields
maths\makevalid\makevalid_test.go:238:33: github.com/go-spatial/tegola/maths.Pt struct literal uses unkeyed fields
maths\makevalid\makevalid_test.go:238:41: github.com/go-spatial/tegola/maths.Pt struct literal uses unkeyed fields
maths\makevalid\makevalid_test.go:238:49: github.com/go-spatial/tegola/maths.Pt struct literal uses unkeyed fields
maths\makevalid\makevalid_test.go:238:57: github.com/go-spatial/tegola/maths.Pt struct literal uses unkeyed fields
maths\makevalid\makevalid_test.go:238:65: github.com/go-spatial/tegola/maths.Pt struct literal uses unkeyed fields
maths\makevalid\makevalid_test.go:238:73: github.com/go-spatial/tegola/maths.Pt struct literal uses unkeyed fields
maths\makevalid\makevalid_test.go:275:17: github.com/go-spatial/tegola/maths.Pt struct literal uses unkeyed fields
maths\makevalid\makevalid_test.go:275:30: github.com/go-spatial/tegola/maths.Pt struct literal uses unkeyed fields
maths\makevalid\makevalid_test.go:275:43: github.com/go-spatial/tegola/maths.Pt struct literal uses unkeyed fields
maths\makevalid\makevalid_test.go:275:56: github.com/go-spatial/tegola/maths.Pt struct literal uses unkeyed fields
maths\makevalid\makevalid_test.go:275:69: github.com/go-spatial/tegola/maths.Pt struct literal uses unkeyed fields
maths\makevalid\makevalid_test.go:275:82: github.com/go-spatial/tegola/maths.Pt struct literal uses unkeyed fields
maths\makevalid\makevalid_test.go:275:95: github.com/go-spatial/tegola/maths.Pt struct literal uses unkeyed fields
maths\makevalid\makevalid_test.go:275:108: github.com/go-spatial/tegola/maths.Pt struct literal uses unkeyed fields
maths\makevalid\makevalid_test.go:278:17: github.com/go-spatial/tegola/maths.Pt struct literal uses unkeyed fields
maths\makevalid\makevalid_test.go:278:30: github.com/go-spatial/tegola/maths.Pt struct literal uses unkeyed fields
maths\makevalid\makevalid_test.go:278:43: github.com/go-spatial/tegola/maths.Pt struct literal uses unkeyed fields
maths\makevalid\makevalid_test.go:278:56: github.com/go-spatial/tegola/maths.Pt struct literal uses unkeyed fields
maths\makevalid\makevalid_test.go:278:69: github.com/go-spatial/tegola/maths.Pt struct literal uses unkeyed fields
maths\makevalid\makevalid_test.go:278:82: github.com/go-spatial/tegola/maths.Pt struct literal uses unkeyed fields
maths\makevalid\makevalid_test.go:278:95: github.com/go-spatial/tegola/maths.Pt struct literal uses unkeyed fields
maths\makevalid\makevalid_test.go:278:108: github.com/go-spatial/tegola/maths.Pt struct literal uses unkeyed fields
maths\makevalid\makevalid_test.go:278:121: github.com/go-spatial/tegola/maths.Pt struct literal uses unkeyed fields
maths\makevalid\makevalid_test.go:278:134: github.com/go-spatial/tegola/maths.Pt struct literal uses unkeyed fields
maths\makevalid\makevalid_test.go:278:147: github.com/go-spatial/tegola/maths.Pt struct literal uses unkeyed fields
maths\makevalid\makevalid_test.go:278:160: github.com/go-spatial/tegola/maths.Pt struct literal uses unkeyed fields
maths\makevalid\makevalid_test.go:278:173: github.com/go-spatial/tegola/maths.Pt struct literal uses unkeyed fields
maths\makevalid\makevalid_test.go:278:186: github.com/go-spatial/tegola/maths.Pt struct literal uses unkeyed fields
maths\makevalid\makevalid_test.go:278:199: github.com/go-spatial/tegola/maths.Pt struct literal uses unkeyed fields
maths\makevalid\makevalid_test.go:278:212: github.com/go-spatial/tegola/maths.Pt struct literal uses unkeyed fields
maths\makevalid\makevalid_test.go:278:225: github.com/go-spatial/tegola/maths.Pt struct literal uses unkeyed fields
maths\makevalid\makevalid_test.go:278:238: github.com/go-spatial/tegola/maths.Pt struct literal uses unkeyed fields
maths\makevalid\makevalid_test.go:278:251: github.com/go-spatial/tegola/maths.Pt struct literal uses unkeyed fields
maths\makevalid\makevalid_test.go:278:264: github.com/go-spatial/tegola/maths.Pt struct literal uses unkeyed fields
maths\makevalid\makevalid_test.go:278:277: github.com/go-spatial/tegola/maths.Pt struct literal uses unkeyed fields
maths\makevalid\makevalid_test.go:278:290: github.com/go-spatial/tegola/maths.Pt struct literal uses unkeyed fields
maths\makevalid\makevalid_test.go:278:303: github.com/go-spatial/tegola/maths.Pt struct literal uses unkeyed fields
maths\makevalid\makevalid_test.go:278:316: github.com/go-spatial/tegola/maths.Pt struct literal uses unkeyed fields
maths\makevalid\makevalid_test.go:278:329: github.com/go-spatial/tegola/maths.Pt struct literal uses unkeyed fields
maths\makevalid\makevalid_test.go:278:342: github.com/go-spatial/tegola/maths.Pt struct literal uses unkeyed fields
maths\makevalid\makevalid_test.go:278:355: github.com/go-spatial/tegola/maths.Pt struct literal uses unkeyed fields
maths\makevalid\makevalid_test.go:278:368: github.com/go-spatial/tegola/maths.Pt struct literal uses unkeyed fields
maths\makevalid\makevalid_test.go:278:381: github.com/go-spatial/tegola/maths.Pt struct literal uses unkeyed fields
maths\makevalid\makevalid_test.go:278:394: github.com/go-spatial/tegola/maths.Pt struct literal uses unkeyed fields
maths\makevalid\makevalid_test.go:278:407: github.com/go-spatial/tegola/maths.Pt struct literal uses unkeyed fields
maths\makevalid\makevalid_test.go:278:420: github.com/go-spatial/tegola/maths.Pt struct literal uses unkeyed fields
maths\makevalid\makevalid_test.go:278:433: github.com/go-spatial/tegola/maths.Pt struct literal uses unkeyed fields
maths\makevalid\makevalid_test.go:278:446: github.com/go-spatial/tegola/maths.Pt struct literal uses unkeyed fields
maths\makevalid\makevalid_test.go:278:459: github.com/go-spatial/tegola/maths.Pt struct literal uses unkeyed fields
maths\makevalid\makevalid_test.go:278:472: github.com/go-spatial/tegola/maths.Pt struct literal uses unkeyed fields
maths\makevalid\makevalid_test.go:278:485: github.com/go-spatial/tegola/maths.Pt struct literal uses unkeyed fields
maths\makevalid\makevalid_test.go:278:498: github.com/go-spatial/tegola/maths.Pt struct literal uses unkeyed fields
maths\makevalid\makevalid_test.go:278:511: github.com/go-spatial/tegola/maths.Pt struct literal uses unkeyed fields
maths\makevalid\makevalid_test.go:278:524: github.com/go-spatial/tegola/maths.Pt struct literal uses unkeyed fields
maths\makevalid\makevalid_test.go:278:537: github.com/go-spatial/tegola/maths.Pt struct literal uses unkeyed fields
maths\makevalid\makevalid_test.go:278:550: github.com/go-spatial/tegola/maths.Pt struct literal uses unkeyed fields
maths\makevalid\makevalid_test.go:278:563: github.com/go-spatial/tegola/maths.Pt struct literal uses unkeyed fields
maths\makevalid\makevalid_test.go:278:576: github.com/go-spatial/tegola/maths.Pt struct literal uses unkeyed fields
maths\makevalid\makevalid_test.go:278:589: github.com/go-spatial/tegola/maths.Pt struct literal uses unkeyed fields
maths\makevalid\makevalid_test.go:278:602: github.com/go-spatial/tegola/maths.Pt struct literal uses unkeyed fields
maths\makevalid\makevalid_test.go:278:615: github.com/go-spatial/tegola/maths.Pt struct literal uses unkeyed fields
maths\makevalid\makevalid_test.go:278:628: github.com/go-spatial/tegola/maths.Pt struct literal uses unkeyed fields
maths\makevalid\makevalid_test.go:278:641: github.com/go-spatial/tegola/maths.Pt struct literal uses unkeyed fields
maths\makevalid\makevalid_test.go:278:654: github.com/go-spatial/tegola/maths.Pt struct literal uses unkeyed fields
maths\makevalid\makevalid_test.go:278:667: github.com/go-spatial/tegola/maths.Pt struct literal uses unkeyed fields
maths\makevalid\makevalid_test.go:278:680: github.com/go-spatial/tegola/maths.Pt struct literal uses unkeyed fields
maths\makevalid\makevalid_test.go:278:693: github.com/go-spatial/tegola/maths.Pt struct literal uses unkeyed fields
maths\makevalid\makevalid_test.go:281:17: github.com/go-spatial/tegola/maths.Pt struct literal uses unkeyed fields
maths\makevalid\makevalid_test.go:281:30: github.com/go-spatial/tegola/maths.Pt struct literal uses unkeyed fields
maths\makevalid\makevalid_test.go:281:43: github.com/go-spatial/tegola/maths.Pt struct literal uses unkeyed fields
maths\makevalid\makevalid_test.go:281:56: github.com/go-spatial/tegola/maths.Pt struct literal uses unkeyed fields
maths\makevalid\makevalid_test.go:281:69: github.com/go-spatial/tegola/maths.Pt struct literal uses unkeyed fields
maths\makevalid\makevalid_test.go:281:82: github.com/go-spatial/tegola/maths.Pt struct literal uses unkeyed fields
maths\makevalid\makevalid_test.go:281:95: github.com/go-spatial/tegola/maths.Pt struct literal uses unkeyed fields
maths\makevalid\makevalid_test.go:281:108: github.com/go-spatial/tegola/maths.Pt struct literal uses unkeyed fields
maths\makevalid\makevalid_test.go:281:121: github.com/go-spatial/tegola/maths.Pt struct literal uses unkeyed fields
maths\makevalid\makevalid_test.go:281:134: github.com/go-spatial/tegola/maths.Pt struct literal uses unkeyed fields
maths\makevalid\makevalid_test.go:281:147: github.com/go-spatial/tegola/maths.Pt struct literal uses unkeyed fields
maths\makevalid\makevalid_test.go:281:160: github.com/go-spatial/tegola/maths.Pt struct literal uses unkeyed fields
maths\makevalid\makevalid_test.go:281:173: github.com/go-spatial/tegola/maths.Pt struct literal uses unkeyed fields
maths\makevalid\makevalid_test.go:281:186: github.com/go-spatial/tegola/maths.Pt struct literal uses unkeyed fields
maths\makevalid\makevalid_test.go:281:199: github.com/go-spatial/tegola/maths.Pt struct literal uses unkeyed fields
maths\makevalid\makevalid_test.go:281:212: github.com/go-spatial/tegola/maths.Pt struct literal uses unkeyed fields
maths\makevalid\makevalid_test.go:281:225: github.com/go-spatial/tegola/maths.Pt struct literal uses unkeyed fields
maths\makevalid\makevalid_test.go:281:238: github.com/go-spatial/tegola/maths.Pt struct literal uses unkeyed fields
maths\makevalid\makevalid_test.go:281:251: github.com/go-spatial/tegola/maths.Pt struct literal uses unkeyed fields
maths\makevalid\makevalid_test.go:281:264: github.com/go-spatial/tegola/maths.Pt struct literal uses unkeyed fields
maths\makevalid\makevalid_test.go:281:277: github.com/go-spatial/tegola/maths.Pt struct literal uses unkeyed fields
maths\makevalid\makevalid_test.go:281:290: github.com/go-spatial/tegola/maths.Pt struct literal uses unkeyed fields
maths\makevalid\makevalid_test.go:281:303: github.com/go-spatial/tegola/maths.Pt struct literal uses unkeyed fields
maths\makevalid\makevalid_test.go:281:316: github.com/go-spatial/tegola/maths.Pt struct literal uses unkeyed fields
maths\makevalid\makevalid_test.go:284:17: github.com/go-spatial/tegola/maths.Pt struct literal uses unkeyed fields
maths\makevalid\makevalid_test.go:284:30: github.com/go-spatial/tegola/maths.Pt struct literal uses unkeyed fields
maths\makevalid\makevalid_test.go:284:43: github.com/go-spatial/tegola/maths.Pt struct literal uses unkeyed fields
maths\makevalid\makevalid_test.go:284:56: github.com/go-spatial/tegola/maths.Pt struct literal uses unkeyed fields
maths\makevalid\makevalid_test.go:284:69: github.com/go-spatial/tegola/maths.Pt struct literal uses unkeyed fields
maths\makevalid\makevalid_test.go:284:82: github.com/go-spatial/tegola/maths.Pt struct literal uses unkeyed fields
maths\makevalid\makevalid_test.go:284:95: github.com/go-spatial/tegola/maths.Pt struct literal uses unkeyed fields
maths\makevalid\makevalid_test.go:290:6: github.com/go-spatial/tegola/maths.Pt struct literal uses unkeyed fields
maths\makevalid\makevalid_test.go:290:24: github.com/go-spatial/tegola/maths.Pt struct literal uses unkeyed fields
maths\makevalid\makevalid_test.go:291:6: github.com/go-spatial/tegola/maths.Pt struct literal uses unkeyed fields
maths\makevalid\makevalid_test.go:291:26: github.com/go-spatial/tegola/maths.Pt struct literal uses unkeyed fields
maths\makevalid\makevalid_test.go:292:6: github.com/go-spatial/tegola/maths.Pt struct literal uses unkeyed fields
maths\makevalid\makevalid_test.go:292:25: github.com/go-spatial/tegola/maths.Pt struct literal uses unkeyed fields
maths\makevalid\makevalid_test.go:293:6: github.com/go-spatial/tegola/maths.Pt struct literal uses unkeyed fields
maths\makevalid\makevalid_test.go:293:25: github.com/go-spatial/tegola/maths.Pt struct literal uses unkeyed fields
maths\makevalid\makevalid_test.go:294:6: github.com/go-spatial/tegola/maths.Pt struct literal uses unkeyed fields
maths\makevalid\makevalid_test.go:294:25: github.com/go-spatial/tegola/maths.Pt struct literal uses unkeyed fields
maths\makevalid\makevalid_test.go:295:6: github.com/go-spatial/tegola/maths.Pt struct literal uses unkeyed fields
maths\makevalid\makevalid_test.go:295:25: github.com/go-spatial/tegola/maths.Pt struct literal uses unkeyed fields
maths\makevalid\makevalid_test.go:296:6: github.com/go-spatial/tegola/maths.Pt struct literal uses unkeyed fields
maths\makevalid\makevalid_test.go:296:23: github.com/go-spatial/tegola/maths.Pt struct literal uses unkeyed fields
maths\makevalid\makevalid_test.go:297:6: github.com/go-spatial/tegola/maths.Pt struct literal uses unkeyed fields
maths\makevalid\makevalid_test.go:297:23: github.com/go-spatial/tegola/maths.Pt struct literal uses unkeyed fields
maths\makevalid\makevalid_test.go:298:6: github.com/go-spatial/tegola/maths.Pt struct literal uses unkeyed fields
maths\makevalid\makevalid_test.go:298:23: github.com/go-spatial/tegola/maths.Pt struct literal uses unkeyed fields
maths\makevalid\makevalid_test.go:299:6: github.com/go-spatial/tegola/maths.Pt struct literal uses unkeyed fields
maths\makevalid\makevalid_test.go:299:24: github.com/go-spatial/tegola/maths.Pt struct literal uses unkeyed fields
maths\makevalid\makevalid_test.go:300:6: github.com/go-spatial/tegola/maths.Pt struct literal uses unkeyed fields
maths\makevalid\makevalid_test.go:300:24: github.com/go-spatial/tegola/maths.Pt struct literal uses unkeyed fields
maths\makevalid\makevalid_test.go:301:6: github.com/go-spatial/tegola/maths.Pt struct literal uses unkeyed fields
maths\makevalid\makevalid_test.go:301:24: github.com/go-spatial/tegola/maths.Pt struct literal uses unkeyed fields
maths\makevalid\makevalid_test.go:302:6: github.com/go-spatial/tegola/maths.Pt struct literal uses unkeyed fields
maths\makevalid\makevalid_test.go:302:24: github.com/go-spatial/tegola/maths.Pt struct literal uses unkeyed fields
maths\makevalid\makevalid_test.go:303:6: github.com/go-spatial/tegola/maths.Pt struct literal uses unkeyed fields
maths\makevalid\makevalid_test.go:303:24: github.com/go-spatial/tegola/maths.Pt struct literal uses unkeyed fields
maths\makevalid\makevalid_test.go:304:6: github.com/go-spatial/tegola/maths.Pt struct literal uses unkeyed fields
maths\makevalid\makevalid_test.go:304:24: github.com/go-spatial/tegola/maths.Pt struct literal uses unkeyed fields
maths\makevalid\makevalid_test.go:305:6: github.com/go-spatial/tegola/maths.Pt struct literal uses unkeyed fields
maths\makevalid\makevalid_test.go:305:24: github.com/go-spatial/tegola/maths.Pt struct literal uses unkeyed fields
maths\makevalid\makevalid_test.go:306:6: github.com/go-spatial/tegola/maths.Pt struct literal uses unkeyed fields
maths\makevalid\makevalid_test.go:306:24: github.com/go-spatial/tegola/maths.Pt struct literal uses unkeyed fields
maths\makevalid\makevalid_test.go:307:6: github.com/go-spatial/tegola/maths.Pt struct literal uses unkeyed fields
maths\makevalid\makevalid_test.go:307:24: github.com/go-spatial/tegola/maths.Pt struct literal uses unkeyed fields
maths\makevalid\makevalid_test.go:308:6: github.com/go-spatial/tegola/maths.Pt struct literal uses unkeyed fields
maths\makevalid\makevalid_test.go:308:24: github.com/go-spatial/tegola/maths.Pt struct literal uses unkeyed fields
maths\makevalid\makevalid_test.go:309:6: github.com/go-spatial/tegola/maths.Pt struct literal uses unkeyed fields
maths\makevalid\makevalid_test.go:309:24: github.com/go-spatial/tegola/maths.Pt struct literal uses unkeyed fields
maths\makevalid\makevalid_test.go:310:6: github.com/go-spatial/tegola/maths.Pt struct literal uses unkeyed fields
maths\makevalid\makevalid_test.go:310:24: github.com/go-spatial/tegola/maths.Pt struct literal uses unkeyed fields
maths\makevalid\makevalid_test.go:311:6: github.com/go-spatial/tegola/maths.Pt struct literal uses unkeyed fields
maths\makevalid\makevalid_test.go:311:24: github.com/go-spatial/tegola/maths.Pt struct literal uses unkeyed fields
maths\makevalid\makevalid_test.go:312:6: github.com/go-spatial/tegola/maths.Pt struct literal uses unkeyed fields
maths\makevalid\makevalid_test.go:312:24: github.com/go-spatial/tegola/maths.Pt struct literal uses unkeyed fields
maths\makevalid\makevalid_test.go:313:6: github.com/go-spatial/tegola/maths.Pt struct literal uses unkeyed fields
maths\makevalid\makevalid_test.go:313:23: github.com/go-spatial/tegola/maths.Pt struct literal uses unkeyed fields
maths\makevalid\makevalid_test.go:314:6: github.com/go-spatial/tegola/maths.Pt struct literal uses unkeyed fields
maths\makevalid\makevalid_test.go:314:23: github.com/go-spatial/tegola/maths.Pt struct literal uses unkeyed fields
maths\makevalid\makevalid_test.go:315:6: github.com/go-spatial/tegola/maths.Pt struct literal uses unkeyed fields
maths\makevalid\makevalid_test.go:315:23: github.com/go-spatial/tegola/maths.Pt struct literal uses unkeyed fields
maths\makevalid\makevalid_test.go:316:6: github.com/go-spatial/tegola/maths.Pt struct literal uses unkeyed fields
maths\makevalid\makevalid_test.go:316:24: github.com/go-spatial/tegola/maths.Pt struct literal uses unkeyed fields
maths\makevalid\makevalid_test.go:321:17: github.com/go-spatial/tegola/maths.Pt struct literal uses unkeyed fields
maths\makevalid\makevalid_test.go:321:26: github.com/go-spatial/tegola/maths.Pt struct literal uses unkeyed fields
maths\makevalid\makevalid_test.go:321:35: github.com/go-spatial/tegola/maths.Pt struct literal uses unkeyed fields
maths\makevalid\makevalid_test.go:321:44: github.com/go-spatial/tegola/maths.Pt struct literal uses unkeyed fields
maths\makevalid\makevalid_test.go:321:54: github.com/go-spatial/tegola/maths.Pt struct literal uses unkeyed fields
maths\makevalid\makevalid_test.go:321:64: github.com/go-spatial/tegola/maths.Pt struct literal uses unkeyed fields
maths\makevalid\makevalid_test.go:321:74: github.com/go-spatial/tegola/maths.Pt struct literal uses unkeyed fields
maths\makevalid\makevalid_test.go:321:83: github.com/go-spatial/tegola/maths.Pt struct literal uses unkeyed fields
maths\makevalid\makevalid_test.go:325:17: github.com/go-spatial/tegola/maths.Pt struct literal uses unkeyed fields
maths\makevalid\makevalid_test.go:325:27: github.com/go-spatial/tegola/maths.Pt struct literal uses unkeyed fields
maths\makevalid\makevalid_test.go:325:37: github.com/go-spatial/tegola/maths.Pt struct literal uses unkeyed fields
maths\makevalid\makevalid_test.go:325:47: github.com/go-spatial/tegola/maths.Pt struct literal uses unkeyed fields
maths\makevalid\makevalid_test.go:325:57: github.com/go-spatial/tegola/maths.Pt struct literal uses unkeyed fields
maths\makevalid\makevalid_test.go:325:67: github.com/go-spatial/tegola/maths.Pt struct literal uses unkeyed fields
maths\makevalid\makevalid_test.go:325:77: github.com/go-spatial/tegola/maths.Pt struct literal uses unkeyed fields
maths\makevalid\makevalid_test.go:325:87: github.com/go-spatial/tegola/maths.Pt struct literal uses unkeyed fields
maths\makevalid\makevalid_test.go:325:97: github.com/go-spatial/tegola/maths.Pt struct literal uses unkeyed fields
maths\makevalid\makevalid_test.go:325:107: github.com/go-spatial/tegola/maths.Pt struct literal uses unkeyed fields
maths\makevalid\makevalid_test.go:325:117: github.com/go-spatial/tegola/maths.Pt struct literal uses unkeyed fields
maths\makevalid\makevalid_test.go:325:127: github.com/go-spatial/tegola/maths.Pt struct literal uses unkeyed fields
maths\makevalid\makevalid_test.go:325:137: github.com/go-spatial/tegola/maths.Pt struct literal uses unkeyed fields
maths\makevalid\makevalid_test.go:325:147: github.com/go-spatial/tegola/maths.Pt struct literal uses unkeyed fields
maths\makevalid\makevalid_test.go:325:157: github.com/go-spatial/tegola/maths.Pt struct literal uses unkeyed fields
maths\makevalid\makevalid_test.go:325:167: github.com/go-spatial/tegola/maths.Pt struct literal uses unkeyed fields
maths\makevalid\makevalid_test.go:325:177: github.com/go-spatial/tegola/maths.Pt struct literal uses unkeyed fields
maths\makevalid\makevalid_test.go:325:187: github.com/go-spatial/tegola/maths.Pt struct literal uses unkeyed fields
maths\makevalid\makevalid_test.go:325:196: github.com/go-spatial/tegola/maths.Pt struct literal uses unkeyed fields
maths\makevalid\makevalid_test.go:325:205: github.com/go-spatial/tegola/maths.Pt struct literal uses unkeyed fields
maths\makevalid\makevalid_test.go:325:214: github.com/go-spatial/tegola/maths.Pt struct literal uses unkeyed fields
maths\makevalid\makevalid_test.go:325:223: github.com/go-spatial/tegola/maths.Pt struct literal uses unkeyed fields
maths\makevalid\makevalid_test.go:325:233: github.com/go-spatial/tegola/maths.Pt struct literal uses unkeyed fields
maths\makevalid\makevalid_test.go:325:243: github.com/go-spatial/tegola/maths.Pt struct literal uses unkeyed fields
maths\makevalid\makevalid_test.go:325:253: github.com/go-spatial/tegola/maths.Pt struct literal uses unkeyed fields
maths\makevalid\makevalid_test.go:325:263: github.com/go-spatial/tegola/maths.Pt struct literal uses unkeyed fields
maths\makevalid\makevalid_test.go:325:273: github.com/go-spatial/tegola/maths.Pt struct literal uses unkeyed fields
maths\makevalid\makevalid_test.go:325:283: github.com/go-spatial/tegola/maths.Pt struct literal uses unkeyed fields
maths\makevalid\makevalid_test.go:325:293: github.com/go-spatial/tegola/maths.Pt struct literal uses unkeyed fields
maths\makevalid\makevalid_test.go:325:303: github.com/go-spatial/tegola/maths.Pt struct literal uses unkeyed fields
maths\makevalid\makevalid_test.go:325:313: github.com/go-spatial/tegola/maths.Pt struct literal uses unkeyed fields
maths\makevalid\makevalid_test.go:325:323: github.com/go-spatial/tegola/maths.Pt struct literal uses unkeyed fields
maths\makevalid\makevalid_test.go:325:333: github.com/go-spatial/tegola/maths.Pt struct literal uses unkeyed fields
maths\makevalid\makevalid_test.go:325:343: github.com/go-spatial/tegola/maths.Pt struct literal uses unkeyed fields
maths\makevalid\makevalid_test.go:325:353: github.com/go-spatial/tegola/maths.Pt struct literal uses unkeyed fields
maths\makevalid\makevalid_test.go:325:363: github.com/go-spatial/tegola/maths.Pt struct literal uses unkeyed fields
maths\makevalid\makevalid_test.go:325:373: github.com/go-spatial/tegola/maths.Pt struct literal uses unkeyed fields
maths\makevalid\makevalid_test.go:325:383: github.com/go-spatial/tegola/maths.Pt struct literal uses unkeyed fields
maths\makevalid\makevalid_test.go:325:393: github.com/go-spatial/tegola/maths.Pt struct literal uses unkeyed fields
maths\makevalid\makevalid_test.go:325:403: github.com/go-spatial/tegola/maths.Pt struct literal uses unkeyed fields
maths\makevalid\makevalid_test.go:325:413: github.com/go-spatial/tegola/maths.Pt struct literal uses unkeyed fields
maths\makevalid\makevalid_test.go:325:423: github.com/go-spatial/tegola/maths.Pt struct literal uses unkeyed fields
maths\makevalid\makevalid_test.go:325:433: github.com/go-spatial/tegola/maths.Pt struct literal uses unkeyed fields
maths\makevalid\makevalid_test.go:325:443: github.com/go-spatial/tegola/maths.Pt struct literal uses unkeyed fields
maths\makevalid\makevalid_test.go:325:453: github.com/go-spatial/tegola/maths.Pt struct literal uses unkeyed fields
maths\makevalid\makevalid_test.go:325:463: github.com/go-spatial/tegola/maths.Pt struct literal uses unkeyed fields
maths\makevalid\makevalid_test.go:325:473: github.com/go-spatial/tegola/maths.Pt struct literal uses unkeyed fields
maths\makevalid\makevalid_test.go:325:483: github.com/go-spatial/tegola/maths.Pt struct literal uses unkeyed fields
maths\makevalid\makevalid_test.go:325:493: github.com/go-spatial/tegola/maths.Pt struct literal uses unkeyed fields
maths\makevalid\makevalid_test.go:325:503: github.com/go-spatial/tegola/maths.Pt struct literal uses unkeyed fields
maths\makevalid\makevalid_test.go:325:513: github.com/go-spatial/tegola/maths.Pt struct literal uses unkeyed fields
maths\makevalid\makevalid_test.go:325:523: github.com/go-spatial/tegola/maths.Pt struct literal uses unkeyed fields
maths\makevalid\makevalid_test.go:325:533: github.com/go-spatial/tegola/maths.Pt struct literal uses unkeyed fields
maths\makevalid\makevalid_test.go:329:17: github.com/go-spatial/tegola/maths.Pt struct literal uses unkeyed fields
maths\makevalid\makevalid_test.go:329:27: github.com/go-spatial/tegola/maths.Pt struct literal uses unkeyed fields
maths\makevalid\makevalid_test.go:329:37: github.com/go-spatial/tegola/maths.Pt struct literal uses unkeyed fields
maths\makevalid\makevalid_test.go:329:47: github.com/go-spatial/tegola/maths.Pt struct literal uses unkeyed fields
maths\makevalid\makevalid_test.go:329:57: github.com/go-spatial/tegola/maths.Pt struct literal uses unkeyed fields
maths\makevalid\makevalid_test.go:329:67: github.com/go-spatial/tegola/maths.Pt struct literal uses unkeyed fields
maths\makevalid\makevalid_test.go:329:77: github.com/go-spatial/tegola/maths.Pt struct literal uses unkeyed fields
maths\makevalid\makevalid_test.go:329:87: github.com/go-spatial/tegola/maths.Pt struct literal uses unkeyed fields
maths\makevalid\makevalid_test.go:329:97: github.com/go-spatial/tegola/maths.Pt struct literal uses unkeyed fields
maths\makevalid\makevalid_test.go:329:107: github.com/go-spatial/tegola/maths.Pt struct literal uses unkeyed fields
maths\makevalid\makevalid_test.go:329:117: github.com/go-spatial/tegola/maths.Pt struct literal uses unkeyed fields
maths\makevalid\makevalid_test.go:329:127: github.com/go-spatial/tegola/maths.Pt struct literal uses unkeyed fields
maths\makevalid\makevalid_test.go:329:138: github.com/go-spatial/tegola/maths.Pt struct literal uses unkeyed fields
maths\makevalid\makevalid_test.go:329:149: github.com/go-spatial/tegola/maths.Pt struct literal uses unkeyed fields
maths\makevalid\makevalid_test.go:329:161: github.com/go-spatial/tegola/maths.Pt struct literal uses unkeyed fields
maths\makevalid\makevalid_test.go:329:171: github.com/go-spatial/tegola/maths.Pt struct literal uses unkeyed fields
maths\makevalid\makevalid_test.go:329:181: github.com/go-spatial/tegola/maths.Pt struct literal uses unkeyed fields
maths\makevalid\makevalid_test.go:329:191: github.com/go-spatial/tegola/maths.Pt struct literal uses unkeyed fields
maths\makevalid\makevalid_test.go:329:201: github.com/go-spatial/tegola/maths.Pt struct literal uses unkeyed fields
maths\makevalid\makevalid_test.go:329:211: github.com/go-spatial/tegola/maths.Pt struct literal uses unkeyed fields
maths\makevalid\makevalid_test.go:329:221: github.com/go-spatial/tegola/maths.Pt struct literal uses unkeyed fields
maths\makevalid\makevalid_test.go:329:231: github.com/go-spatial/tegola/maths.Pt struct literal uses unkeyed fields
maths\makevalid\makevalid_test.go:329:241: github.com/go-spatial/tegola/maths.Pt struct literal uses unkeyed fields
maths\makevalid\makevalid_test.go:329:251: github.com/go-spatial/tegola/maths.Pt struct literal uses unkeyed fields
maths\makevalid\makevalid_test.go:333:17: github.com/go-spatial/tegola/maths.Pt struct literal uses unkeyed fields
maths\makevalid\makevalid_test.go:333:28: github.com/go-spatial/tegola/maths.Pt struct literal uses unkeyed fields
maths\makevalid\makevalid_test.go:333:39: github.com/go-spatial/tegola/maths.Pt struct literal uses unkeyed fields
maths\makevalid\makevalid_test.go:333:50: github.com/go-spatial/tegola/maths.Pt struct literal uses unkeyed fields
maths\makevalid\makevalid_test.go:333:61: github.com/go-spatial/tegola/maths.Pt struct literal uses unkeyed fields
maths\makevalid\makevalid_test.go:333:72: github.com/go-spatial/tegola/maths.Pt struct literal uses unkeyed fields
maths\makevalid\makevalid_test.go:333:83: github.com/go-spatial/tegola/maths.Pt struct literal uses unkeyed fields
maths\makevalid\makevalid_test.go:385:15: github.com/go-spatial/tegola/maths.Pt struct literal uses unkeyed fields
maths\makevalid\makevalid_test.go:385:33: github.com/go-spatial/tegola/maths.Pt struct literal uses unkeyed fields
maths\makevalid\makevalid_test.go:386:15: github.com/go-spatial/tegola/maths.Pt struct literal uses unkeyed fields
maths\makevalid\makevalid_test.go:386:35: github.com/go-spatial/tegola/maths.Pt struct literal uses unkeyed fields
maths\makevalid\makevalid_test.go:387:15: github.com/go-spatial/tegola/maths.Pt struct literal uses unkeyed fields
maths\makevalid\makevalid_test.go:387:34: github.com/go-spatial/tegola/maths.Pt struct literal uses unkeyed fields
maths\makevalid\makevalid_test.go:388:15: github.com/go-spatial/tegola/maths.Pt struct literal uses unkeyed fields
maths\makevalid\makevalid_test.go:388:34: github.com/go-spatial/tegola/maths.Pt struct literal uses unkeyed fields
maths\makevalid\makevalid_test.go:389:15: github.com/go-spatial/tegola/maths.Pt struct literal uses unkeyed fields
maths\makevalid\makevalid_test.go:389:34: github.com/go-spatial/tegola/maths.Pt struct literal uses unkeyed fields
maths\makevalid\makevalid_test.go:390:15: github.com/go-spatial/tegola/maths.Pt struct literal uses unkeyed fields
maths\makevalid\makevalid_test.go:390:34: github.com/go-spatial/tegola/maths.Pt struct literal uses unkeyed fields
maths\makevalid\makevalid_test.go:391:15: github.com/go-spatial/tegola/maths.Pt struct literal uses unkeyed fields
maths\makevalid\makevalid_test.go:391:32: github.com/go-spatial/tegola/maths.Pt struct literal uses unkeyed fields
maths\makevalid\makevalid_test.go:392:15: github.com/go-spatial/tegola/maths.Pt struct literal uses unkeyed fields
maths\makevalid\makevalid_test.go:392:32: github.com/go-spatial/tegola/maths.Pt struct literal uses unkeyed fields
maths\makevalid\makevalid_test.go:393:15: github.com/go-spatial/tegola/maths.Pt struct literal uses unkeyed fields
maths\makevalid\makevalid_test.go:393:32: github.com/go-spatial/tegola/maths.Pt struct literal uses unkeyed fields
maths\makevalid\makevalid_test.go:394:15: github.com/go-spatial/tegola/maths.Pt struct literal uses unkeyed fields
maths\makevalid\makevalid_test.go:394:33: github.com/go-spatial/tegola/maths.Pt struct literal uses unkeyed fields
maths\makevalid\makevalid_test.go:395:15: github.com/go-spatial/tegola/maths.Pt struct literal uses unkeyed fields
maths\makevalid\makevalid_test.go:395:33: github.com/go-spatial/tegola/maths.Pt struct literal uses unkeyed fields
maths\makevalid\makevalid_test.go:396:15: github.com/go-spatial/tegola/maths.Pt struct literal uses unkeyed fields
maths\makevalid\makevalid_test.go:396:33: github.com/go-spatial/tegola/maths.Pt struct literal uses unkeyed fields
maths\makevalid\makevalid_test.go:397:15: github.com/go-spatial/tegola/maths.Pt struct literal uses unkeyed fields
maths\makevalid\makevalid_test.go:397:33: github.com/go-spatial/tegola/maths.Pt struct literal uses unkeyed fields
maths\makevalid\makevalid_test.go:398:15: github.com/go-spatial/tegola/maths.Pt struct literal uses unkeyed fields
maths\makevalid\makevalid_test.go:398:33: github.com/go-spatial/tegola/maths.Pt struct literal uses unkeyed fields
maths\makevalid\makevalid_test.go:399:15: github.com/go-spatial/tegola/maths.Pt struct literal uses unkeyed fields
maths\makevalid\makevalid_test.go:399:33: github.com/go-spatial/tegola/maths.Pt struct literal uses unkeyed fields
maths\makevalid\makevalid_test.go:400:15: github.com/go-spatial/tegola/maths.Pt struct literal uses unkeyed fields
maths\makevalid\makevalid_test.go:400:33: github.com/go-spatial/tegola/maths.Pt struct literal uses unkeyed fields
maths\makevalid\makevalid_test.go:401:15: github.com/go-spatial/tegola/maths.Pt struct literal uses unkeyed fields
maths\makevalid\makevalid_test.go:401:33: github.com/go-spatial/tegola/maths.Pt struct literal uses unkeyed fields
maths\makevalid\makevalid_test.go:402:15: github.com/go-spatial/tegola/maths.Pt struct literal uses unkeyed fields
maths\makevalid\makevalid_test.go:402:33: github.com/go-spatial/tegola/maths.Pt struct literal uses unkeyed fields
maths\makevalid\makevalid_test.go:403:15: github.com/go-spatial/tegola/maths.Pt struct literal uses unkeyed fields
maths\makevalid\makevalid_test.go:403:33: github.com/go-spatial/tegola/maths.Pt struct literal uses unkeyed fields
maths\makevalid\makevalid_test.go:404:15: github.com/go-spatial/tegola/maths.Pt struct literal uses unkeyed fields
maths\makevalid\makevalid_test.go:404:33: github.com/go-spatial/tegola/maths.Pt struct literal uses unkeyed fields
maths\makevalid\makevalid_test.go:405:15: github.com/go-spatial/tegola/maths.Pt struct literal uses unkeyed fields
maths\makevalid\makevalid_test.go:405:33: github.com/go-spatial/tegola/maths.Pt struct literal uses unkeyed fields
maths\makevalid\makevalid_test.go:406:15: github.com/go-spatial/tegola/maths.Pt struct literal uses unkeyed fields
maths\makevalid\makevalid_test.go:406:33: github.com/go-spatial/tegola/maths.Pt struct literal uses unkeyed fields
maths\makevalid\makevalid_test.go:407:15: github.com/go-spatial/tegola/maths.Pt struct literal uses unkeyed fields
maths\makevalid\makevalid_test.go:407:33: github.com/go-spatial/tegola/maths.Pt struct literal uses unkeyed fields
maths\makevalid\makevalid_test.go:408:15: github.com/go-spatial/tegola/maths.Pt struct literal uses unkeyed fields
maths\makevalid\makevalid_test.go:408:32: github.com/go-spatial/tegola/maths.Pt struct literal uses unkeyed fields
maths\makevalid\makevalid_test.go:409:15: github.com/go-spatial/tegola/maths.Pt struct literal uses unkeyed fields
maths\makevalid\makevalid_test.go:409:32: github.com/go-spatial/tegola/maths.Pt struct literal uses unkeyed fields
maths\makevalid\makevalid_test.go:410:15: github.com/go-spatial/tegola/maths.Pt struct literal uses unkeyed fields
maths\makevalid\makevalid_test.go:410:32: github.com/go-spatial/tegola/maths.Pt struct literal uses unkeyed fields
maths\makevalid\makevalid_test.go:411:15: github.com/go-spatial/tegola/maths.Pt struct literal uses unkeyed fields
maths\makevalid\makevalid_test.go:411:33: github.com/go-spatial/tegola/maths.Pt struct literal uses unkeyed fields
cmd\internal\register\maps_test.go:23:16: func passes lock by value: github.com/go-spatial/tegola/cmd/internal/register_test.tcase contains github.com/go-spatial/tegola/atlas.Atlas
cmd\internal\register\maps_test.go:159:12: range var tc copies lock: github.com/go-spatial/tegola/cmd/internal/register_test.tcase contains github.com/go-spatial/tegola/atlas.Atlas
cmd\internal\register\maps_test.go:160:18: call of fn copies lock value: github.com/go-spatial/tegola/cmd/internal/register_test.tcase contains github.com/go-spatial/tegola/atlas.Atlas
maths\clip\region\axis_test.go:17:28: github.com/go-spatial/tegola/maths.Pt struct literal uses unkeyed fields
maths\clip\region\axis_test.go:17:44: github.com/go-spatial/tegola/maths.Pt struct literal uses unkeyed fields
maths\clip\region\axis_test.go:21:30: github.com/go-spatial/tegola/maths.Pt struct literal uses unkeyed fields
maths\clip\region\axis_test.go:21:46: github.com/go-spatial/tegola/maths.Pt struct literal uses unkeyed fields
maths\clip\region\axis_test.go:25:30: github.com/go-spatial/tegola/maths.Pt struct literal uses unkeyed fields
maths\clip\region\axis_test.go:25:46: github.com/go-spatial/tegola/maths.Pt struct literal uses unkeyed fields
maths\clip\region\axis_test.go:29:30: github.com/go-spatial/tegola/maths.Pt struct literal uses unkeyed fields
maths\clip\region\axis_test.go:29:46: github.com/go-spatial/tegola/maths.Pt struct literal uses unkeyed fields
maths\clip\region\axis_test.go:34:30: github.com/go-spatial/tegola/maths.Pt struct literal uses unkeyed fields
maths\clip\region\axis_test.go:34:47: github.com/go-spatial/tegola/maths.Pt struct literal uses unkeyed fields
maths\clip\region\axis_test.go:38:30: github.com/go-spatial/tegola/maths.Pt struct literal uses unkeyed fields
maths\clip\region\axis_test.go:38:47: github.com/go-spatial/tegola/maths.Pt struct literal uses unkeyed fields
maths\clip\region\axis_test.go:43:30: github.com/go-spatial/tegola/maths.Pt struct literal uses unkeyed fields
maths\clip\region\axis_test.go:43:48: github.com/go-spatial/tegola/maths.Pt struct literal uses unkeyed fields
maths\clip\region\axis_test.go:48:30: github.com/go-spatial/tegola/maths.Pt struct literal uses unkeyed fields
maths\clip\region\axis_test.go:48:47: github.com/go-spatial/tegola/maths.Pt struct literal uses unkeyed fields
maths\clip\region\axis_test.go:50:31: github.com/go-spatial/tegola/maths.Pt struct literal uses unkeyed fields
maths\clip\region\axis_test.go:53:30: github.com/go-spatial/tegola/maths.Pt struct literal uses unkeyed fields
maths\clip\region\axis_test.go:53:47: github.com/go-spatial/tegola/maths.Pt struct literal uses unkeyed fields
maths\clip\region\axis_test.go:55:31: github.com/go-spatial/tegola/maths.Pt struct literal uses unkeyed fields
maths\clip\region\axis_test.go:55:44: github.com/go-spatial/tegola/maths.Pt struct literal uses unkeyed fields
maths\clip\region\axis_test.go:58:30: github.com/go-spatial/tegola/maths.Pt struct literal uses unkeyed fields
maths\clip\region\axis_test.go:58:47: github.com/go-spatial/tegola/maths.Pt struct literal uses unkeyed fields
maths\clip\region\axis_test.go:60:31: github.com/go-spatial/tegola/maths.Pt struct literal uses unkeyed fields
maths\clip\region\axis_test.go:60:44: github.com/go-spatial/tegola/maths.Pt struct literal uses unkeyed fields
maths\clip\region\axis_test.go:64:30: github.com/go-spatial/tegola/maths.Pt struct literal uses unkeyed fields
maths\clip\region\axis_test.go:64:48: github.com/go-spatial/tegola/maths.Pt struct literal uses unkeyed fields
maths\clip\region\axis_test.go:66:39: github.com/go-spatial/tegola/maths.Pt struct literal uses unkeyed fields
maths\clip\region\axis_test.go:69:30: github.com/go-spatial/tegola/maths.Pt struct literal uses unkeyed fields
maths\clip\region\axis_test.go:69:48: github.com/go-spatial/tegola/maths.Pt struct literal uses unkeyed fields
maths\clip\region\axis_test.go:71:39: github.com/go-spatial/tegola/maths.Pt struct literal uses unkeyed fields
maths\clip\region\axis_test.go:75:30: github.com/go-spatial/tegola/maths.Pt struct literal uses unkeyed fields
maths\clip\region\axis_test.go:75:49: github.com/go-spatial/tegola/maths.Pt struct literal uses unkeyed fields
maths\clip\region\axis_test.go:77:39: github.com/go-spatial/tegola/maths.Pt struct literal uses unkeyed fields
maths\clip\region\axis_test.go:81:30: github.com/go-spatial/tegola/maths.Pt struct literal uses unkeyed fields
maths\clip\region\axis_test.go:81:48: github.com/go-spatial/tegola/maths.Pt struct literal uses unkeyed fields
maths\clip\region\axis_test.go:85:30: github.com/go-spatial/tegola/maths.Pt struct literal uses unkeyed fields
maths\clip\region\axis_test.go:85:48: github.com/go-spatial/tegola/maths.Pt struct literal uses unkeyed fields
maths\clip\region\axis_test.go:89:30: github.com/go-spatial/tegola/maths.Pt struct literal uses unkeyed fields
maths\clip\region\axis_test.go:89:48: github.com/go-spatial/tegola/maths.Pt struct literal uses unkeyed fields
maths\clip\region\axis_test.go:94:30: github.com/go-spatial/tegola/maths.Pt struct literal uses unkeyed fields
maths\clip\region\axis_test.go:94:49: github.com/go-spatial/tegola/maths.Pt struct literal uses unkeyed fields
maths\clip\region\axis_test.go:98:30: github.com/go-spatial/tegola/maths.Pt struct literal uses unkeyed fields
maths\clip\region\axis_test.go:98:50: github.com/go-spatial/tegola/maths.Pt struct literal uses unkeyed fields
maths\clip\region\axis_test.go:103:30: github.com/go-spatial/tegola/maths.Pt struct literal uses unkeyed fields
maths\clip\region\axis_test.go:103:46: github.com/go-spatial/tegola/maths.Pt struct literal uses unkeyed fields
maths\clip\region\axis_test.go:107:30: github.com/go-spatial/tegola/maths.Pt struct literal uses unkeyed fields
maths\clip\region\axis_test.go:107:46: github.com/go-spatial/tegola/maths.Pt struct literal uses unkeyed fields
maths\clip\region\axis_test.go:111:30: github.com/go-spatial/tegola/maths.Pt struct literal uses unkeyed fields
maths\clip\region\axis_test.go:111:46: github.com/go-spatial/tegola/maths.Pt struct literal uses unkeyed fields
maths\clip\region\axis_test.go:116:30: github.com/go-spatial/tegola/maths.Pt struct literal uses unkeyed fields
maths\clip\region\axis_test.go:116:47: github.com/go-spatial/tegola/maths.Pt struct literal uses unkeyed fields
maths\clip\region\axis_test.go:120:30: github.com/go-spatial/tegola/maths.Pt struct literal uses unkeyed fields
maths\clip\region\axis_test.go:120:48: github.com/go-spatial/tegola/maths.Pt struct literal uses unkeyed fields
maths\clip\region\axis_test.go:125:30: github.com/go-spatial/tegola/maths.Pt struct literal uses unkeyed fields
maths\clip\region\axis_test.go:125:46: github.com/go-spatial/tegola/maths.Pt struct literal uses unkeyed fields
maths\clip\region\axis_test.go:129:30: github.com/go-spatial/tegola/maths.Pt struct literal uses unkeyed fields
maths\clip\region\axis_test.go:129:46: github.com/go-spatial/tegola/maths.Pt struct literal uses unkeyed fields
maths\clip\region\axis_test.go:133:30: github.com/go-spatial/tegola/maths.Pt struct literal uses unkeyed fields
maths\clip\region\axis_test.go:133:46: github.com/go-spatial/tegola/maths.Pt struct literal uses unkeyed fields
maths\clip\region\axis_test.go:138:30: github.com/go-spatial/tegola/maths.Pt struct literal uses unkeyed fields
maths\clip\region\axis_test.go:138:47: github.com/go-spatial/tegola/maths.Pt struct literal uses unkeyed fields
maths\clip\region\axis_test.go:142:30: github.com/go-spatial/tegola/maths.Pt struct literal uses unkeyed fields
maths\clip\region\axis_test.go:142:48: github.com/go-spatial/tegola/maths.Pt struct literal uses unkeyed fields
maths\clip\region\axis_test.go:147:30: github.com/go-spatial/tegola/maths.Pt struct literal uses unkeyed fields
maths\clip\region\axis_test.go:147:47: github.com/go-spatial/tegola/maths.Pt struct literal uses unkeyed fields
maths\clip\region\axis_test.go:149:35: github.com/go-spatial/tegola/maths.Pt struct literal uses unkeyed fields
maths\clip\region\axis_test.go:152:30: github.com/go-spatial/tegola/maths.Pt struct literal uses unkeyed fields
maths\clip\region\axis_test.go:152:47: github.com/go-spatial/tegola/maths.Pt struct literal uses unkeyed fields
maths\clip\region\axis_test.go:154:35: github.com/go-spatial/tegola/maths.Pt struct literal uses unkeyed fields
maths\clip\region\axis_test.go:154:48: github.com/go-spatial/tegola/maths.Pt struct literal uses unkeyed fields
maths\clip\region\axis_test.go:157:30: github.com/go-spatial/tegola/maths.Pt struct literal uses unkeyed fields
maths\clip\region\axis_test.go:157:47: github.com/go-spatial/tegola/maths.Pt struct literal uses unkeyed fields
maths\clip\region\axis_test.go:159:35: github.com/go-spatial/tegola/maths.Pt struct literal uses unkeyed fields
maths\clip\region\axis_test.go:159:48: github.com/go-spatial/tegola/maths.Pt struct literal uses unkeyed fields
maths\clip\region\axis_test.go:163:30: github.com/go-spatial/tegola/maths.Pt struct literal uses unkeyed fields
maths\clip\region\axis_test.go:163:48: github.com/go-spatial/tegola/maths.Pt struct literal uses unkeyed fields
maths\clip\region\axis_test.go:165:43: github.com/go-spatial/tegola/maths.Pt struct literal uses unkeyed fields
maths\clip\region\axis_test.go:168:30: github.com/go-spatial/tegola/maths.Pt struct literal uses unkeyed fields
maths\clip\region\axis_test.go:168:49: github.com/go-spatial/tegola/maths.Pt struct literal uses unkeyed fields
maths\clip\region\axis_test.go:170:43: github.com/go-spatial/tegola/maths.Pt struct literal uses unkeyed fields
maths\clip\region\axis_test.go:176:30: github.com/go-spatial/tegola/maths.Pt struct literal uses unkeyed fields
maths\clip\region\axis_test.go:176:46: github.com/go-spatial/tegola/maths.Pt struct literal uses unkeyed fields
maths\clip\region\axis_test.go:178:31: github.com/go-spatial/tegola/maths.Pt struct literal uses unkeyed fields
maths\clip\region\axis_test.go:178:39: github.com/go-spatial/tegola/maths.Pt struct literal uses unkeyed fields
maths\clip\region\axis_test.go:182:30: github.com/go-spatial/tegola/maths.Pt struct literal uses unkeyed fields
maths\clip\region\axis_test.go:182:46: github.com/go-spatial/tegola/maths.Pt struct literal uses unkeyed fields
maths\clip\region\axis_test.go:184:31: github.com/go-spatial/tegola/maths.Pt struct literal uses unkeyed fields
maths\clip\region\axis_test.go:184:39: github.com/go-spatial/tegola/maths.Pt struct literal uses unkeyed fields
maths\clip\region\axis_test.go:184:47: github.com/go-spatial/tegola/maths.Pt struct literal uses unkeyed fields
maths\clip\region\axis_test.go:184:59: github.com/go-spatial/tegola/maths.Pt struct literal uses unkeyed fields
maths\clip\region\axis_test.go:187:30: github.com/go-spatial/tegola/maths.Pt struct literal uses unkeyed fields
maths\clip\region\axis_test.go:187:46: github.com/go-spatial/tegola/maths.Pt struct literal uses unkeyed fields
maths\clip\region\axis_test.go:189:31: github.com/go-spatial/tegola/maths.Pt struct literal uses unkeyed fields
maths\clip\region\axis_test.go:189:39: github.com/go-spatial/tegola/maths.Pt struct literal uses unkeyed fields
maths\clip\region\axis_test.go:189:47: github.com/go-spatial/tegola/maths.Pt struct literal uses unkeyed fields
maths\clip\region\axis_test.go:189:59: github.com/go-spatial/tegola/maths.Pt struct literal uses unkeyed fields
maths\clip\region\axis_test.go:193:30: github.com/go-spatial/tegola/maths.Pt struct literal uses unkeyed fields
maths\clip\region\axis_test.go:193:48: github.com/go-spatial/tegola/maths.Pt struct literal uses unkeyed fields
maths\clip\region\axis_test.go:195:31: github.com/go-spatial/tegola/maths.Pt struct literal uses unkeyed fields
maths\clip\region\axis_test.go:195:49: github.com/go-spatial/tegola/maths.Pt struct literal uses unkeyed fields
maths\clip\region\axis_test.go:199:30: github.com/go-spatial/tegola/maths.Pt struct literal uses unkeyed fields
maths\clip\region\axis_test.go:199:48: github.com/go-spatial/tegola/maths.Pt struct literal uses unkeyed fields
maths\clip\region\axis_test.go:201:31: github.com/go-spatial/tegola/maths.Pt struct literal uses unkeyed fields
maths\clip\region\axis_test.go:201:41: github.com/go-spatial/tegola/maths.Pt struct literal uses unkeyed fields
maths\clip\region\axis_test.go:201:51: github.com/go-spatial/tegola/maths.Pt struct literal uses unkeyed fields
maths\clip\region\axis_test.go:201:61: github.com/go-spatial/tegola/maths.Pt struct literal uses unkeyed fields
maths\clip\region\axis_test.go:204:30: github.com/go-spatial/tegola/maths.Pt struct literal uses unkeyed fields
maths\clip\region\axis_test.go:204:48: github.com/go-spatial/tegola/maths.Pt struct literal uses unkeyed fields
maths\clip\region\axis_test.go:206:31: github.com/go-spatial/tegola/maths.Pt struct literal uses unkeyed fields
maths\clip\region\axis_test.go:206:41: github.com/go-spatial/tegola/maths.Pt struct literal uses unkeyed fields
maths\clip\region\axis_test.go:206:51: github.com/go-spatial/tegola/maths.Pt struct literal uses unkeyed fields
maths\clip\region\axis_test.go:206:61: github.com/go-spatial/tegola/maths.Pt struct literal uses unkeyed fields
maths\clip\region\axis_test.go:233:23: github.com/go-spatial/tegola/maths.Pt struct literal uses unkeyed fields
maths\clip\region\axis_test.go:233:41: github.com/go-spatial/tegola/maths.Pt struct literal uses unkeyed fields
maths\clip\region\axis_test.go:238:23: github.com/go-spatial/tegola/maths.Pt struct literal uses unkeyed fields
maths\clip\region\axis_test.go:238:39: github.com/go-spatial/tegola/maths.Pt struct literal uses unkeyed fields
maths\clip\region\axis_test.go:243:23: github.com/go-spatial/tegola/maths.Pt struct literal uses unkeyed fields
maths\clip\region\axis_test.go:243:39: github.com/go-spatial/tegola/maths.Pt struct literal uses unkeyed fields
maths\clip\region\axis_test.go:248:23: github.com/go-spatial/tegola/maths.Pt struct literal uses unkeyed fields
maths\clip\region\axis_test.go:248:39: github.com/go-spatial/tegola/maths.Pt struct literal uses unkeyed fields
maths\clip\region\axis_test.go:255:24: github.com/go-spatial/tegola/maths.Pt struct literal uses unkeyed fields
maths\clip\region\axis_test.go:255:41: github.com/go-spatial/tegola/maths.Pt struct literal uses unkeyed fields
maths\clip\region\axis_test.go:261:24: github.com/go-spatial/tegola/maths.Pt struct literal uses unkeyed fields
maths\clip\region\axis_test.go:261:41: github.com/go-spatial/tegola/maths.Pt struct literal uses unkeyed fields
maths\clip\region\axis_test.go:267:24: github.com/go-spatial/tegola/maths.Pt struct literal uses unkeyed fields
maths\clip\region\axis_test.go:267:42: github.com/go-spatial/tegola/maths.Pt struct literal uses unkeyed fields
maths\clip\region\axis_test.go:273:24: github.com/go-spatial/tegola/maths.Pt struct literal uses unkeyed fields
maths\clip\region\axis_test.go:273:42: github.com/go-spatial/tegola/maths.Pt struct literal uses unkeyed fields
maths\clip\region\axis_test.go:281:23: github.com/go-spatial/tegola/maths.Pt struct literal uses unkeyed fields
maths\clip\region\axis_test.go:281:41: github.com/go-spatial/tegola/maths.Pt struct literal uses unkeyed fields
maths\clip\region\axis_test.go:286:23: github.com/go-spatial/tegola/maths.Pt struct literal uses unkeyed fields
maths\clip\region\axis_test.go:286:39: github.com/go-spatial/tegola/maths.Pt struct literal uses unkeyed fields
maths\clip\region\axis_test.go:291:23: github.com/go-spatial/tegola/maths.Pt struct literal uses unkeyed fields
maths\clip\region\axis_test.go:291:39: github.com/go-spatial/tegola/maths.Pt struct literal uses unkeyed fields
maths\clip\region\axis_test.go:296:23: github.com/go-spatial/tegola/maths.Pt struct literal uses unkeyed fields
maths\clip\region\axis_test.go:296:39: github.com/go-spatial/tegola/maths.Pt struct literal uses unkeyed fields
maths\clip\region\axis_test.go:303:24: github.com/go-spatial/tegola/maths.Pt struct literal uses unkeyed fields
maths\clip\region\axis_test.go:303:42: github.com/go-spatial/tegola/maths.Pt struct literal uses unkeyed fields
maths\clip\region\axis_test.go:310:24: github.com/go-spatial/tegola/maths.Pt struct literal uses unkeyed fields
maths\clip\region\axis_test.go:310:40: github.com/go-spatial/tegola/maths.Pt struct literal uses unkeyed fields
maths\clip\region\region_test.go:13:29: github.com/go-spatial/tegola/maths.Pt struct literal uses unkeyed fields
maths\clip\region\region_test.go:13:45: github.com/go-spatial/tegola/maths.Pt struct literal uses unkeyed fields
maths\clip\region\region_test.go:18:7: github.com/go-spatial/tegola/maths.Pt struct literal uses unkeyed fields
maths\clip\region\region_test.go:19:5: github.com/go-spatial/tegola/maths.Pt struct literal uses unkeyed fields
maths\clip\region\region_test.go:22:27: github.com/go-spatial/tegola/maths.Pt struct literal uses unkeyed fields
maths\clip\region\region_test.go:22:36: github.com/go-spatial/tegola/maths.Pt struct literal uses unkeyed fields
maths\clip\region\region_test.go:22:44: github.com/go-spatial/tegola/maths.Pt struct literal uses unkeyed fields
maths\clip\region\region_test.go:22:53: github.com/go-spatial/tegola/maths.Pt struct literal uses unkeyed fields
maths\clip\region\region_test.go:43:35: github.com/go-spatial/tegola/maths.Pt struct literal uses unkeyed fields
maths\clip\region\region_test.go:43:51: github.com/go-spatial/tegola/maths.Pt struct literal uses unkeyed fields
maths\clip\region\region_test.go:48:7: github.com/go-spatial/tegola/maths.Pt struct literal uses unkeyed fields
maths\clip\region\region_test.go:49:5: github.com/go-spatial/tegola/maths.Pt struct literal uses unkeyed fields
maths\clip\region\region_test.go:52:26: github.com/go-spatial/tegola/maths.Pt struct literal uses unkeyed fields
maths\clip\region\region_test.go:52:34: github.com/go-spatial/tegola/maths.Pt struct literal uses unkeyed fields
maths\clip\region\region_test.go:52:43: github.com/go-spatial/tegola/maths.Pt struct literal uses unkeyed fields
maths\clip\region\region_test.go:52:53: github.com/go-spatial/tegola/maths.Pt struct literal uses unkeyed fields
maths\clip\region\region_test.go:91:26: github.com/go-spatial/tegola/maths.Pt struct literal uses unkeyed fields
maths\clip\region\region_test.go:91:34: github.com/go-spatial/tegola/maths.Pt struct literal uses unkeyed fields
maths\clip\region\region_test.go:91:42: github.com/go-spatial/tegola/maths.Pt struct literal uses unkeyed fields
maths\clip\region\region_test.go:91:51: github.com/go-spatial/tegola/maths.Pt struct literal uses unkeyed fields
maths\clip\region\region_test.go:91:61: github.com/go-spatial/tegola/maths.Pt struct literal uses unkeyed fields
maths\clip\region\region_test.go:109:21: github.com/go-spatial/tegola/maths.Pt struct literal uses unkeyed fields
maths\clip\region\region_test.go:109:39: github.com/go-spatial/tegola/maths.Pt struct literal uses unkeyed fields
maths\clip\region\region_test.go:112:21: github.com/go-spatial/tegola/maths.Pt struct literal uses unkeyed fields
maths\clip\region\region_test.go:112:39: github.com/go-spatial/tegola/maths.Pt struct literal uses unkeyed fields
maths\clip\region\region_test.go:115:14: github.com/go-spatial/tegola/maths.Pt struct literal uses unkeyed fields
maths\clip\region\region_test.go:121:21: github.com/go-spatial/tegola/maths.Pt struct literal uses unkeyed fields
maths\clip\region\region_test.go:121:40: github.com/go-spatial/tegola/maths.Pt struct literal uses unkeyed fields
maths\clip\region\region_test.go:124:14: github.com/go-spatial/tegola/maths.Pt struct literal uses unkeyed fields
maths\clip\region\region_test.go:130:21: github.com/go-spatial/tegola/maths.Pt struct literal uses unkeyed fields
maths\clip\region\region_test.go:130:39: github.com/go-spatial/tegola/maths.Pt struct literal uses unkeyed fields
maths\clip\region\region_test.go:133:14: github.com/go-spatial/tegola/maths.Pt struct literal uses unkeyed fields
maths\clip\region\region_test.go:139:21: github.com/go-spatial/tegola/maths.Pt struct literal uses unkeyed fields
maths\clip\region\region_test.go:139:40: github.com/go-spatial/tegola/maths.Pt struct literal uses unkeyed fields
maths\clip\region\region_test.go:142:14: github.com/go-spatial/tegola/maths.Pt struct literal uses unkeyed fields
maths\clip\region\region_test.go:148:21: github.com/go-spatial/tegola/maths.Pt struct literal uses unkeyed fields
maths\clip\region\region_test.go:148:39: github.com/go-spatial/tegola/maths.Pt struct literal uses unkeyed fields
maths\clip\region\region_test.go:151:14: github.com/go-spatial/tegola/maths.Pt struct literal uses unkeyed fields
maths\clip\region\region_test.go:155:14: github.com/go-spatial/tegola/maths.Pt struct literal uses unkeyed fields
maths\clip\region\region_test.go:161:21: github.com/go-spatial/tegola/maths.Pt struct literal uses unkeyed fields
maths\clip\region\region_test.go:161:41: github.com/go-spatial/tegola/maths.Pt struct literal uses unkeyed fields
maths\clip\region\region_test.go:164:14: github.com/go-spatial/tegola/maths.Pt struct literal uses unkeyed fields
maths\clip\region\region_test.go:168:14: github.com/go-spatial/tegola/maths.Pt struct literal uses unkeyed fields
maths\clip\region\region_test.go:177:21: github.com/go-spatial/tegola/maths.Pt struct literal uses unkeyed fields
maths\clip\region\region_test.go:177:37: github.com/go-spatial/tegola/maths.Pt struct literal uses unkeyed fields
maths\clip\region\region_test.go:180:14: github.com/go-spatial/tegola/maths.Pt struct literal uses unkeyed fields
maths\clip\region\region_test.go:184:14: github.com/go-spatial/tegola/maths.Pt struct literal uses unkeyed fields
maths\clip\region\region_test.go:191:21: github.com/go-spatial/tegola/maths.Pt struct literal uses unkeyed fields
maths\clip\region\region_test.go:191:39: github.com/go-spatial/tegola/maths.Pt struct literal uses unkeyed fields
maths\clip\region\region_test.go:194:21: github.com/go-spatial/tegola/maths.Pt struct literal uses unkeyed fields
maths\clip\region\region_test.go:194:39: github.com/go-spatial/tegola/maths.Pt struct literal uses unkeyed fields
maths\clip\region\region_test.go:198:21: github.com/go-spatial/tegola/maths.Pt struct literal uses unkeyed fields
maths\clip\region\region_test.go:198:40: github.com/go-spatial/tegola/maths.Pt struct literal uses unkeyed fields
maths\clip\region\region_test.go:201:14: github.com/go-spatial/tegola/maths.Pt struct literal uses unkeyed fields
maths\clip\region\region_test.go:205:14: github.com/go-spatial/tegola/maths.Pt struct literal uses unkeyed fields
maths\clip\region\region_test.go:211:21: github.com/go-spatial/tegola/maths.Pt struct literal uses unkeyed fields
maths\clip\region\region_test.go:211:41: github.com/go-spatial/tegola/maths.Pt struct literal uses unkeyed fields
maths\clip\region\region_test.go:214:21: github.com/go-spatial/tegola/maths.Pt struct literal uses unkeyed fields
maths\clip\region\region_test.go:214:40: github.com/go-spatial/tegola/maths.Pt struct literal uses unkeyed fields
maths\clip\region\region_test.go:217:14: github.com/go-spatial/tegola/maths.Pt struct literal uses unkeyed fields
maths\clip\region\region_test.go:221:14: github.com/go-spatial/tegola/maths.Pt struct literal uses unkeyed fields
maths\clip\region\region_test.go:227:21: github.com/go-spatial/tegola/maths.Pt struct literal uses unkeyed fields
maths\clip\region\region_test.go:227:41: github.com/go-spatial/tegola/maths.Pt struct literal uses unkeyed fields
maths\clip\region\region_test.go:230:21: github.com/go-spatial/tegola/maths.Pt struct literal uses unkeyed fields
maths\clip\region\region_test.go:230:40: github.com/go-spatial/tegola/maths.Pt struct literal uses unkeyed fields
maths\clip\region\region_test.go:233:14: github.com/go-spatial/tegola/maths.Pt struct literal uses unkeyed fields
maths\clip\region\region_test.go:237:14: github.com/go-spatial/tegola/maths.Pt struct literal uses unkeyed fields
maths\clip\region\region_test.go:243:21: github.com/go-spatial/tegola/maths.Pt struct literal uses unkeyed fields
maths\clip\region\region_test.go:243:40: github.com/go-spatial/tegola/maths.Pt struct literal uses unkeyed fields
maths\clip\region\region_test.go:246:14: github.com/go-spatial/tegola/maths.Pt struct literal uses unkeyed fields
maths\clip\region\region_test.go:250:14: github.com/go-spatial/tegola/maths.Pt struct literal uses unkeyed fields
maths\clip\region\region_test.go:256:21: github.com/go-spatial/tegola/maths.Pt struct literal uses unkeyed fields
maths\clip\region\region_test.go:256:39: github.com/go-spatial/tegola/maths.Pt struct literal uses unkeyed fields
maths\clip\region\region_test.go:260:21: github.com/go-spatial/tegola/maths.Pt struct literal uses unkeyed fields
maths\clip\region\region_test.go:260:39: github.com/go-spatial/tegola/maths.Pt struct literal uses unkeyed fields
maths\clip\region\region_test.go:263:14: github.com/go-spatial/tegola/maths.Pt struct literal uses unkeyed fields
maths\clip\region\region_test.go:267:14: github.com/go-spatial/tegola/maths.Pt struct literal uses unkeyed fields
maths\clip\region\region_test.go:271:14: github.com/go-spatial/tegola/maths.Pt struct literal uses unkeyed fields
maths\clip\region\region_test.go:275:14: github.com/go-spatial/tegola/maths.Pt struct literal uses unkeyed fields
maths\clip\region\region_test.go:281:21: github.com/go-spatial/tegola/maths.Pt struct literal uses unkeyed fields
maths\clip\region\region_test.go:281:40: github.com/go-spatial/tegola/maths.Pt struct literal uses unkeyed fields
maths\clip\region\region_test.go:284:14: github.com/go-spatial/tegola/maths.Pt struct literal uses unkeyed fields
maths\clip\region\region_test.go:288:14: github.com/go-spatial/tegola/maths.Pt struct literal uses unkeyed fields
maths\clip\region\region_test.go:292:14: github.com/go-spatial/tegola/maths.Pt struct literal uses unkeyed fields
maths\clip\region\region_test.go:301:24: github.com/go-spatial/tegola/maths.Pt struct literal uses unkeyed fields
maths\clip\region\region_test.go:301:40: github.com/go-spatial/tegola/maths.Pt struct literal uses unkeyed fields
maths\clip\intersect\intersect_test.go:19:33: github.com/go-spatial/tegola/maths.Pt struct literal uses unkeyed fields
maths\clip\intersect\intersect_test.go:19:49: github.com/go-spatial/tegola/maths.Pt struct literal uses unkeyed fields
maths\clip\intersect\intersect_test.go:25:20: github.com/go-spatial/tegola/maths.Pt struct literal uses unkeyed fields
maths\clip\intersect\intersect_test.go:32:21: github.com/go-spatial/tegola/maths.Pt struct literal uses unkeyed fields
maths\clip\intersect\intersect_test.go:45:4: github.com/go-spatial/tegola/maths.Pt struct literal uses unkeyed fields
maths\clip\intersect\intersect_test.go:45:12: github.com/go-spatial/tegola/maths.Pt struct literal uses unkeyed fields
maths\clip\intersect\intersect_test.go:45:20: github.com/go-spatial/tegola/maths.Pt struct literal uses unkeyed fields
maths\clip\intersect\intersect_test.go:45:28: github.com/go-spatial/tegola/maths.Pt struct literal uses unkeyed fields
cmd\tegola\cmd\tile_name_format_test.go:170:3: unreachable code
